Row Labels,Sum of sales
(blank),12635222
"Apple Smart Phone, Full Size",86936
"Cisco Smart Phone, Full Size",76441
"Motorola Smart Phone, Full Size",73159
"Nokia Smart Phone, Full Size",71904
Canon imageCLASS 2200 Advanced Copier,61600
"Hon Executive Leather Armchair, Adjustable",58200
"Office Star Executive Leather Armchair, Adjustable",50667
"Harbour Creations Executive Leather Armchair, Adjustable",50120
"Samsung Smart Phone, Cordless",48654
"Nokia Smart Phone, with Caller ID",47880
"Samsung Smart Phone, VoIP",45406
"Cisco Smart Phone, with Caller ID",43124
"SAFCO Executive Leather Armchair, Black",41921
"Cisco Smart Phone, Cordless",41021
"Novimex Executive Leather Armchair, Adjustable",40586
"Sauder Classic Bookcase, Traditional",39110
"Motorola Smart Phone, Cordless",38935
"Novimex Executive Leather Armchair, Red",38813
"Eldon File Cart, Single Width",34392
"Hoover Stove, White",32845
"Harbour Creations Executive Leather Armchair, Black",32230
"Hoover Stove, Red",31664
"Motorola Smart Phone, with Caller ID",30244
"Hewlett Copy Machine, Color",29708
"Rogers File Cart, Single Width",29467
"Office Star Executive Leather Armchair, Black",29422
"Hon Executive Leather Armchair, Black",29243
"Smead Lockers, Industrial",28996
"Hamilton Beach Stove, Silver",28656
"Novimex Executive Leather Armchair, Black",28631
"Bush Library with Doors, Metal",28517
"Rogers Lockers, Blue",28215
Fellowes PB500 Electric Punch Plastic Comb Binding Machine with Manual Bind,27454
"Safco Library with Doors, Pine",27262
"Apple Smart Phone, Cordless",27164
"Canon Wireless Fax, Color",26585
"Bush Classic Bookcase, Traditional",26531
"Samsung Smart Phone, with Caller ID",26311
"Safco Classic Bookcase, Traditional",26227
"Brother Copy Machine, Color",26220
"Safco Classic Bookcase, Mobile",26109
"Nokia Smart Phone, Cordless",25657
"SAFCO Executive Leather Armchair, Red",25639
"Dania Classic Bookcase, Pine",25629
"Smead File Cart, Single Width",25397
"Safco Classic Bookcase, Metal",25275
"Office Star Executive Leather Armchair, Red",25213
"Ikea Classic Bookcase, Metal",25051
"Smead Lockers, Blue",24776
"SAFCO Executive Leather Armchair, Adjustable",24216
"Sauder Classic Bookcase, Pine",24078
"Brother Wireless Fax, Laser",23904
"Hewlett Wireless Fax, High-Speed",23811
"Bush Classic Bookcase, Metal",23540
"Harbour Creations Executive Leather Armchair, Red",23518
"Belkin Router, USB",23473
"Hewlett Wireless Fax, Color",23267
"Sauder Classic Bookcase, Metal",23195
"Okidata Inkjet, Wireless",23003
"Ikea Classic Bookcase, Traditional",22756
"Fellowes Lockers, Industrial",22638
Cisco TelePresence System EX90 Videoconferencing Unit,22638
"Ikea Library with Doors, Pine",22538
"Brother Fax Machine, High-Speed",22430
"Canon Fax Machine, High-Speed",22339
"HP Copy Machine, Color",22299
"Tenex File Cart, Single Width",22111
"Fellowes Lockers, Single Width",22092
"Hewlett Wireless Fax, Digital",22046
"KitchenAid Stove, Silver",21966
"Canon Wireless Fax, Laser",21928
"Sharp Copy Machine, Color",21911
"Memorex Router, Erganomic",21887
"KitchenAid Refrigerator, Black",21871
HON 5400 Series Task Chairs for Big and Tall,21870
"Ikea Classic Bookcase, Mobile",21805
"Safco Classic Bookcase, Pine",21802
"Hewlett Wireless Fax, Laser",21541
"Dania Library with Doors, Traditional",21492
"Sharp Wireless Fax, Color",21430
"Hamilton Beach Stove, White",21332
"Samsung Smart Phone, Full Size",20992
"Hewlett Fax Machine, High-Speed",20986
"Sharp Wireless Fax, Digital",20746
"Fellowes Lockers, Blue",20565
"Brother Fax Machine, Laser",20548
"Rogers Lockers, Single Width",20496
"Sauder Classic Bookcase, Mobile",20059
"Konica Inkjet, Wireless",19909
"Belkin Router, Erganomic",19889
GBC DocuBind TL300 Electric Binding System,19824
"Hon Executive Leather Armchair, Red",19803
"Memorex Router, USB",19607
"Canon Wireless Fax, High-Speed",19596
"KitchenAid Stove, Black",19548
"Hon Swivel Stool, Black",19531
"Ikea Library with Doors, Mobile",19261
"Eldon Lockers, Blue",19254
"Tenex Lockers, Wire Frame",19092
GBC Ibimaster 500 Manual ProClick Binding System,19026
"Bush Classic Bookcase, Mobile",19020
Hewlett Packard LaserJet 3310 Copier,18840
"Sharp Fax Machine, Laser",18788
"Smead Lockers, Wire Frame",18643
"Brother Wireless Fax, Color",18482
"Breville Refrigerator, Red",18449
"HP Designjet T520 Inkjet Large Format Printer - 24"" Color",18375
"Rogers Lockers, Industrial",18298
"Tenex Lockers, Blue",18199
"HP Fax Machine, Laser",18179
"Hoover Refrigerator, White",18162
"Ikea Library with Doors, Traditional",18107
"Sharp Fax Machine, High-Speed",18016
GBC DocuBind P400 Electric Binding System,17965
"Eldon Lockers, Industrial",17827
"KitchenAid Refrigerator, Silver",17762
"Dania Library with Doors, Pine",17709
"Breville Refrigerator, White",17673
"Dania Classic Bookcase, Metal",17611
"HP Wireless Fax, Laser",17577
"Canon Fax Machine, Digital",17372
"Konica Inkjet, White",17329
"Memorex Router, Bluetooth",17318
"Hamilton Beach Refrigerator, Red",17250
"Sharp Wireless Fax, Laser",17236
"Brother Wireless Fax, Digital",17151
"Tenex Lockers, Single Width",17128
"SAFCO Executive Leather Armchair, Set of Two",17106
High Speed Automatic Electric Letter Opener,17031
"Brother Fax Machine, Digital",17009
"Canon Copy Machine, Color",16956
"Dania Library with Doors, Metal",16911
"Harbour Creations Swivel Stool, Red",16860
"Novimex Swivel Stool, Black",16833
Lexmark MX611dhe Monochrome Laser Printer,16830
"Apple Smart Phone, with Caller ID",16754
"Bush Classic Bookcase, Pine",16752
"Smead Lockers, Single Width",16713
Martin Yale Chadless Opener Electric Letter Opener,16656
"Bush Library with Doors, Mobile",16642
"Ikea Classic Bookcase, Pine",16629
"Brother Fax Machine, Color",16479
"Fellowes Lockers, Wire Frame",16470
"Epson Inkjet, Wireless",16422
"Cuisinart Stove, Red",16365
"Safco Library with Doors, Mobile",16294
"Hamilton Beach Stove, Black",16149
"Cuisinart Stove, Silver",16099
"Sharp Fax Machine, Color",16066
"Sharp Wireless Fax, High-Speed",16026
"Canon Wireless Fax, Digital",16018
"Hoover Stove, Black",15892
Ibico EPK-21 Electric Binding System,15876
"Sauder Library with Doors, Traditional",15697
"StarTech Inkjet, Wireless",15640
"Sauder Stackable Bookrack, Pine",15639
"Bush Stackable Bookrack, Pine",15632
"Riverside Palais Royal Lawyers Bookcase, Royale Cherry Finish",15611
"Safco Stackable Bookrack, Pine",15581
"Fellowes File Cart, Wire Frame",15554
"HP Fax Machine, High-Speed",15533
"Bush Library with Doors, Traditional",15262
"HP Wireless Fax, Digital",15176
"Sauder Library with Doors, Metal",15173
"Dania Classic Bookcase, Traditional",15049
"Hon Conference Table, Adjustable Height",15018
"Hamilton Beach Refrigerator, Silver",14974
"Dania Library with Doors, Mobile",14974
"Eldon Lockers, Wire Frame",14953
"Barricks Conference Table, Fully Assembled",14930
"Rogers Lockers, Wire Frame",14925
"Bevis Conference Table, Fully Assembled",14885
"Fellowes File Cart, Single Width",14811
"Dania Classic Bookcase, Mobile",14795
"KitchenAid Microwave, Silver",14728
"Hamilton Beach Refrigerator, Black",14693
"Hoover Microwave, White",14675
"HP Copy Machine, Laser",14616
"Breville Microwave, Red",14539
"Sharp Copy Machine, Laser",14447
"Ikea Library with Doors, Metal",14360
"3D Systems Cube Printer, 2nd Generation, Magenta",14300
"Office Star Swivel Stool, Adjustable",14250
"Enermax Router, Erganomic",14232
"Cuisinart Refrigerator, Black",14222
"Hewlett Fax Machine, Laser",14149
"HP Fax Machine, Digital",14042
"SanDisk Router, Bluetooth",14011
"Rogers File Cart, Industrial",13953
"Sharp Fax Machine, Digital",13948
Samsung Galaxy Mega 6.3,13944
"Cisco Signal Booster, VoIP",13917
"Chromcraft Computer Table, with Bottom Storage",13828
"Chromcraft Conference Table, with Bottom Storage",13701
"Smead File Cart, Industrial",13667
"Breville Microwave, White",13600
"Hamilton Beach Refrigerator, White",13585
"KitchenAid Stove, Red",13473
"KitchenAid Refrigerator, White",13445
"Harbour Creations Swivel Stool, Set of Two",13356
"Sauder Floating Shelf Set, Pine",13322
"Breville Stove, Red",13141
"Canon Copy Machine, Laser",13034
"HP Wireless Fax, Color",13010
Apple iPhone 5,12998
Bretford Rectangular Conference Table Tops,12997
Global Troy Executive Leather Low-Back Tilter,12976
"Logitech Router, USB",12961
"Hewlett Copy Machine, Laser",12927
"Tenex Lockers, Industrial",12909
"Cisco Audio Dock, Full Size",12897
"Belkin Router, Bluetooth",12880
"Okidata Printer, White",12869
"Smead File Cart, Blue",12836
"Rogers File Cart, Blue",12834
"Eldon Lockers, Single Width",12829
"Lesro Conference Table, with Bottom Storage",12778
"Eldon File Cart, Industrial",12734
"KitchenAid Microwave, Red",12713
"Hewlett Fax Machine, Color",12678
"Brother Wireless Fax, High-Speed",12651
"Dania Stackable Bookrack, Pine",12628
"Enermax Router, Bluetooth",12578
"Samsung Audio Dock, Cordless",12465
"Cuisinart Stove, Black",12430
"Ikea Floating Shelf Set, Traditional",12398
"SAFCO Swivel Stool, Set of Two",12395
"Motorola Audio Dock, VoIP",12314
"HP Wireless Fax, High-Speed",12298
"Logitech Router, Bluetooth",12268
"Harbour Creations Swivel Stool, Adjustable",12236
"Canon Copy Machine, Digital",12186
"Sauder Library with Doors, Pine",12181
"Novimex Swivel Stool, Red",12153
"Nokia Audio Dock, VoIP",12046
"Hoover Microwave, Red",12039
"Apple Audio Dock, VoIP",12017
"Safco Library with Doors, Traditional",11999
"Sharp Copy Machine, High-Speed",11961
"HP Copy Machine, High-Speed",11946
"Office Star Swivel Stool, Red",11906
"Cuisinart Stove, White",11905
"Panasonic Inkjet, Red",11874
"Hoover Refrigerator, Red",11762
"Safco Library with Doors, Metal",11759
"Sauder Library with Doors, Mobile",11667
"Office Star Rocking Chair, Adjustable",11627
"Safco Floating Shelf Set, Pine",11623
Canon PC1060 Personal Laser Copier,11620
"Hamilton Beach Microwave, White",11588
SAFCO Arco Folding Chair,11575
"Hewlett Fax and Copier, Laser",11538
"Hamilton Beach Stove, Red",11515
"Breville Stove, Silver",11512
"Canon Copy Machine, High-Speed",11415
"Fellowes File Cart, Blue",11350
"Okidata Inkjet, White",11330
Honeywell Enviracaire Portable HEPA Air Cleaner for 17' x 22' Room,11304
"Breville Refrigerator, Silver",11285
"KitchenAid Microwave, White",11247
"Brother Fax and Copier, Color",11242
"Bevis Computer Table, Fully Assembled",11176
"Bevis Wood Table, with Bottom Storage",11134
"Brother Ink, Color",11131
Cubify CubeX 3D Printer Double Head Print,11100
"Hon Rocking Chair, Set of Two",11059
"Breville Refrigerator, Black",11059
"Sauder Corner Shelving, Pine",11058
DMI Eclipse Executive Suite Bookcases,11048
"SanDisk Router, USB",11036
"Lesro Conference Table, Rectangular",11002
"Canon Fax Machine, Laser",10928
Tennsco 6- and 18-Compartment Lockers,10925
"Lesro Conference Table, Adjustable Height",10920
"Sauder 3-Shelf Cabinet, Mobile",10836
Plantronics CS510 - Over-the-Head monaural Wireless Headset System,10824
"Cuisinart Refrigerator, Silver",10815
"Office Star Rocking Chair, Set of Two",10708
"Lesro Round Table, Rectangular",10707
"Cisco Signal Booster, with Caller ID",10694
"Apple Speaker Phone, VoIP",10686
"Apple Signal Booster, Cordless",10645
"Hon Deluxe Fabric Upholstered Stacking Chairs, Rounded Back",10638
"Barricks Computer Table, Fully Assembled",10620
"Canon Fax and Copier, Laser",10619
"Brother Copy Machine, High-Speed",10603
"Apple Audio Dock, with Caller ID",10585
"Office Star Rocking Chair, Black",10579
"Harbour Creations Rocking Chair, Black",10577
"Safco Floating Shelf Set, Traditional",10575
"Novimex Swivel Stool, Adjustable",10529
"Enermax Memory Card, USB",10525
"Fellowes File Cart, Industrial",10520
"Hon Rocking Chair, Black",10510
"Sauder Floating Shelf Set, Metal",10490
"Logitech Router, Erganomic",10426
"Epson Printer, Durable",10422
"Panasonic Inkjet, White",10403
"Harbour Creations Swivel Stool, Black",10365
"Breville Microwave, Silver",10317
"Hoover Stove, Silver",10316
"Epson Card Printer, Durable",10303
"Canon Fax and Copier, Digital",10274
"Enermax Router, USB",10234
"Apple Signal Booster, with Caller ID",10213
"Chromcraft Conference Table, Rectangular",10210
Logitech P710e Mobile Speakerphone,10194
"Okidata Printer, Wireless",10166
"Motorola Signal Booster, Cordless",10152
"Canon Fax Machine, Color",10118
"Office Star Swivel Stool, Set of Two",10108
"Brother Fax and Copier, Laser",10108
"SanDisk Router, Erganomic",9977
Chromcraft Bull-Nose Wood Oval Conference Tables & Bases,9918
"Brother Ink, Laser",9887
"Rubbermaid Frame, Duo Pack",9838
"Dania Floating Shelf Set, Metal",9774
"Tenex File Cart, Blue",9771
"Sharp Fax and Copier, Color",9739
"Samsung Audio Dock, Full Size",9728
"Breville Stove, Black",9724
"Sauder Floating Shelf Set, Mobile",9708
"Dania Corner Shelving, Traditional",9696
"Sauder 3-Shelf Cabinet, Pine",9661
"Sharp Fax and Copier, Digital",9647
Tennsco Double-Tier Lockers,9630
"Motorola Audio Dock, Cordless",9621
"Eldon File Cart, Blue",9621
"Cisco Audio Dock, with Caller ID",9608
"Epson Inkjet, Durable",9599
Bush Advantage Collection Racetrack Conference Table,9546
"Memorex Router, Programmable",9474
"Okidata Inkjet, Durable",9437
"SanDisk Router, Programmable",9403
Plantronics Savi W720 Multi-Device Wireless Headset System,9368
"Panasonic Printer, Wireless",9314
"Safco Floating Shelf Set, Mobile",9312
Bady BDG101FRU Card Printer,9280
"Nokia Signal Booster, Cordless",9277
"StarTech Card Printer, White",9276
"Sharp Personal Copier, Digital",9206
Tennsco Single-Tier Lockers,9159
"Konica Card Printer, Red",9129
"Brother Fax and Copier, Digital",9099
"Hewlett Personal Copier, High-Speed",9087
"Canon Personal Copier, High-Speed",9087
GuestStacker Chair with Chrome Finish Legs,9070
"Bush Library with Doors, Pine",9028
"Motorola Speaker Phone, Full Size",9023
"Cisco Speaker Phone, Cordless",8995
"Cisco Signal Booster, Cordless",8981
"Office Star Steel Folding Chair, Black",8965
Canon Imageclass D680 Copier / Fax,8960
"Hewlett Fax and Copier, High-Speed",8949
"Ikea Floating Shelf Set, Pine",8922
"Sharp Fax and Copier, High-Speed",8915
"Cisco Audio Dock, VoIP",8914
Hewlett Packard 610 Color Digital Copier / Printer,8900
Wilson Electronics DB Pro Signal Booster,8878
"SAFCO Rocking Chair, Black",8859
"Apple Audio Dock, Full Size",8831
"Cisco Speaker Phone, with Caller ID",8825
Office Star - Professional Matrix Back Chair with 2-to-1 Synchro Tilt and Mesh Fabric Seat,8775
"Belkin Memory Card, Programmable",8751
"Cuisinart Refrigerator, Red",8746
"Canon Ink, Digital",8741
"Barricks Training Table, Adjustable Height",8701
"SAFCO Rocking Chair, Set of Two",8694
"Panasonic Inkjet, Durable",8693
"Barricks Computer Table, with Bottom Storage",8672
Global Deluxe High-Back Manager's Chair,8667
"KitchenAid Microwave, Black",8624
"Samsung Signal Booster, Full Size",8556
"Samsung Signal Booster, Cordless",8524
"Okidata Card Printer, White",8504
"Enermax Router, Programmable",8501
"Panasonic Printer, White",8494
Hon 4070 Series Pagoda Armless Upholstered Stacking Chairs,8431
"HP Fax and Copier, Digital",8430
"Konica Printer, White",8416
"Samsung Speaker Phone, with Caller ID",8386
"Tenex File Cart, Industrial",8369
"Nokia Signal Booster, VoIP",8329
"Hamilton Beach Microwave, Red",8325
"Hewlett Copy Machine, High-Speed",8315
"Chromcraft Round Table, Adjustable Height",8313
"Safco Floating Shelf Set, Metal",8310
"Panasonic Printer, Durable",8300
"Hon Swivel Stool, Adjustable",8264
"Hon Rocking Chair, Adjustable",8264
"Canon Fax and Copier, High-Speed",8257
Chromcraft Round Conference Tables,8209
"Hon Rocking Chair, Red",8208
"StarTech Inkjet, Durable",8206
"Nokia Signal Booster, with Caller ID",8169
"Epson Printer, White",8167
"Safco 3-Shelf Cabinet, Metal",8166
"Hot File 7-Pocket, Floor Stand",8137
"SAFCO Swivel Stool, Black",8115
"Bevis Round Table, Rectangular",8107
"Cisco Audio Dock, Cordless",8103
"Harbour Creations Rocking Chair, Adjustable",8075
Fellowes PB300 Plastic Comb Binding Machine,8070
"Brother Fax and Copier, High-Speed",8062
"Bush Floating Shelf Set, Mobile",8055
"Chromcraft Conference Table, Fully Assembled",8042
"Samsung Speaker Phone, Full Size",8016
"Panasonic Printer, Red",8007
"Hewlett Ink, Laser",8005
Cubify CubeX 3D Printer Triple Head Print,8000
Ibico Ibimaster 300 Manual Binding System,7986
Global Commerce Series High-Back Swivel/Tilt Chairs,7979
"Hoover Microwave, Black",7966
"Ikea Stackable Bookrack, Mobile",7948
"Brother Personal Copier, High-Speed",7944
"Nokia Audio Dock, with Caller ID",7879
"SAFCO Swivel Stool, Adjustable",7872
"HP Ink, Laser",7849
"Harbour Creations Chairmat, Black",7840
Okidata MB760 Printer,7835
"Dania Stackable Bookrack, Traditional",7829
"Sharp Fax and Copier, Laser",7824
"Hoover Refrigerator, Black",7816
"Cisco Signal Booster, Full Size",7804
"Boston Canvas, Fluorescent",7804
"Hoover Refrigerator, Silver",7800
"Safco Corner Shelving, Traditional",7792
"Sauder Stackable Bookrack, Mobile",7780
"Cuisinart Microwave, Red",7768
Adjustable Depth Letter/Legal Cart,7731
"Office Star Rocking Chair, Red",7730
"Hon Swivel Stool, Red",7708
Mitel MiVoice 5330e IP Phone,7700
Ativa V4110MDD Micro-Cut Shredder,7700
"Logitech Router, Programmable",7697
"Bush Floating Shelf Set, Metal",7695
"Cuisinart Microwave, White",7668
"Samsung Audio Dock, with Caller ID",7663
"Motorola Audio Dock, with Caller ID",7662
"Samsung Signal Booster, VoIP",7640
"Bush Floating Shelf Set, Pine",7631
"Nokia Audio Dock, Full Size",7601
"Novimex Rocking Chair, Red",7595
"Hon Conference Table, Rectangular",7588
Hon 4700 Series Mobuis Mid-Back Task Chairs with Adjustable Arms,7583
"Chromcraft Computer Table, Adjustable Height",7582
"Cardinal Binding Machine, Clear",7573
"Apple Signal Booster, Full Size",7571
"KitchenAid Stove, White",7558
"Motorola Speaker Phone, VoIP",7556
"Motorola Signal Booster, Full Size",7554
"Atlantic Metals Mobile 3-Shelf Bookcases, Custom Colors",7539
"Sauder 3-Shelf Cabinet, Metal",7535
"Sauder Floating Shelf Set, Traditional",7529
Tennsco 16-Compartment Lockers with Coat Rack,7517
"Samsung Speaker Phone, Cordless",7517
"Motorola Speaker Phone, Cordless",7485
"Dania 3-Shelf Cabinet, Pine",7484
"Nokia Signal Booster, Full Size",7461
"Novimex Rocking Chair, Set of Two",7459
"Dania Corner Shelving, Metal",7418
"Safco 3-Shelf Cabinet, Pine",7413
"Brother Copy Machine, Laser",7408
Hon 94000 Series Round Tables,7406
Logitech diNovo Edge Keyboard,7400
"Bevis Conference Table, with Bottom Storage",7400
"Hoover Microwave, Silver",7377
"StarTech Inkjet, White",7369
"Sauder Corner Shelving, Mobile",7338
"Cuisinart Microwave, Silver",7324
"Harbour Creations Rocking Chair, Set of Two",7299
"Nokia Speaker Phone, Cordless",7280
"Ikea Stackable Bookrack, Metal",7277
"Enermax Numeric Keypad, Bluetooth",7271
"Safco 3-Shelf Cabinet, Traditional",7262
Bretford CR4500 Series Slim Rectangular Table,7244
"Dania 3-Shelf Cabinet, Mobile",7228
"Lesro Computer Table, Fully Assembled",7224
"Novimex Rocking Chair, Black",7220
"Hewlett Fax Machine, Digital",7180
"SAFCO Rocking Chair, Red",7145
"Hewlett Personal Copier, Laser",7143
Samsung Galaxy S III - 16GB - pebble blue (T-Mobile),7140
"Eldon Frame, Durable",7127
"Deflect-O Frame, Erganomic",7106
"Konica Printer, Wireless",7099
"Cisco Speaker Phone, Full Size",7066
"Canon Personal Copier, Color",7058
"KitchenAid Refrigerator, Red",7049
"StarTech Printer, Red",7041
"SAFCO Rocking Chair, Adjustable",7036
"Lesro Conference Table, Fully Assembled",7029
"HP Ink, High-Speed",7026
"Cardinal Binding Machine, Economy",7020
Staples,7009
"Dania Corner Shelving, Pine",6999
"Sharp Personal Copier, Laser",6994
"Office Star Steel Folding Chair, Adjustable",6993
"Cuisinart Microwave, Black",6991
"SAFCO Swivel Stool, Red",6978
"SAFCO Steel Folding Chair, Red",6969
Zebra ZM400 Thermal Label Printer,6966
"Nokia Speaker Phone, VoIP",6959
"Ibico Binding Machine, Recycled",6954
"Ikea Corner Shelving, Mobile",6951
"Bevis Oval Conference Table, Walnut",6941
Hon GuestStacker Chair,6936
"Office Star Steel Folding Chair, Red",6917
"Belkin Router, Programmable",6902
"Hamilton Beach Microwave, Black",6898
"HP Ink, Color",6893
"Novimex Rocking Chair, Adjustable",6892
"Safco 3-Shelf Cabinet, Mobile",6883
"Epson Card Printer, Wireless",6883
"Konica Receipt Printer, Durable",6873
"Sauder Corner Shelving, Metal",6867
"Hon Swivel Stool, Set of Two",6835
"Bush Corner Shelving, Mobile",6834
Hoover Upright Vacuum With Dirt Cup,6833
"Tennsco Snap-Together Open Shelving Units, Starter Sets and Add-On Units",6820
"Belkin Memory Card, USB",6817
"Avery Binding Machine, Durable",6813
"Hon Wood Table, Rectangular",6805
"Sauder 3-Shelf Cabinet, Traditional",6789
GBC DocuBind 300 Electric Binding Machine,6786
"HP Personal Copier, Digital",6783
"Bush Corner Shelving, Pine",6777
Bretford CR8500 Series Meeting Room Furniture,6776
"Memorex Memory Card, Erganomic",6770
Cisco Unified IP Phone 7945G VoIP phone,6751
"Hewlett Ink, Digital",6749
Hon Every-Day Series Multi-Task Chairs,6749
"Deflect-O Frame, Durable",6742
"Binney & Smith Sketch Pad, Blue",6742
"Deflect-O Frame, Black",6739
"Rogers Shelving, Wire Frame",6737
"Bush Stackable Bookrack, Traditional",6733
"Barricks Round Table, Fully Assembled",6716
"Lesro Computer Table, Adjustable Height",6702
"Rogers Trays, Industrial",6701
ClearOne CHATAttach 160 - speaker phone,6696
"SanDisk Memory Card, Bluetooth",6658
"Rubbermaid Frame, Erganomic",6642
"Ikea 3-Shelf Cabinet, Mobile",6625
"Hewlett Personal Copier, Color",6608
"HP Fax and Copier, Color",6607
Standard Rollaway File with Lock,6594
Hon Multipurpose Stacking Arm Chairs,6584
"Dual Level, Single-Width Filing Carts",6573
"Sauder Corner Shelving, Traditional",6558
"Ikea Stackable Bookrack, Traditional",6543
"Cisco Speaker Phone, VoIP",6543
"BIC Canvas, Fluorescent",6536
"Nokia Speaker Phone, with Caller ID",6520
Balt Solid Wood Round Tables,6519
"Harbour Creations Steel Folding Chair, Black",6518
"Hon Computer Table, Fully Assembled",6503
"Barricks Conference Table, with Bottom Storage",6502
Hon Pagoda Stacking Chairs,6484
"HP Fax Machine, Color",6483
"Avery Binding Machine, Clear",6482
"Lesro Wood Table, Adjustable Height",6481
"Dania Floating Shelf Set, Traditional",6480
"Novimex Steel Folding Chair, Black",6473
"Canon Ink, Laser",6458
"Hon Wood Table, with Bottom Storage",6447
"Bush Stackable Bookrack, Mobile",6444
"Brother Personal Copier, Digital",6431
"Ikea 3-Shelf Cabinet, Metal",6426
"Barricks Conference Table, Adjustable Height",6425
"Ibico Binding Machine, Durable",6418
"Global Leather and Oak Executive Chair, Black",6411
Sharp AL-1530CS Digital Copier,6400
"Hon Round Table, with Bottom Storage",6364
"Safco Corner Shelving, Mobile",6353
"HP Personal Copier, Laser",6336
"Apple Signal Booster, VoIP",6334
"Advantus Frame, Durable",6334
"Safco Corner Shelving, Metal",6322
"Cisco Headset, with Caller ID",6278
"Canon Personal Copier, Laser",6267
"Logitech Memory Card, Erganomic",6265
"Rogers Trays, Wire Frame",6260
Polycom VVX 310 VoIP phone,6228
"Cuisinart Refrigerator, White",6202
"SanDisk Keyboard, Programmable",6194
"Brother Personal Copier, Color",6193
"Ikea Stackable Bookrack, Pine",6186
"Apple Speaker Phone, Cordless",6184
"BIC Canvas, Blue",6174
"Motorola Signal Booster, VoIP",6168
"Konica Printer, Durable",6150
"Okidata Receipt Printer, Wireless",6142
"Hon Wood Table, Fully Assembled",6141
"Apple Headset, Full Size",6138
Samsung Galaxy S4,6135
"Sharp Ink, Laser",6134
"Epson Printer, Red",6130
Samsung Galaxy S4 Mini,6110
"Bush 3-Shelf Cabinet, Traditional",6108
Global Comet Stacking Arm Chair,6084
"Apple Speaker Phone, with Caller ID",6069
"Novimex Swivel Stool, Set of Two",6053
"Tenex Shelving, Industrial",6049
"Boston Sketch Pad, Blue",6035
"Tenex Trays, Industrial",6024
"Smead Shelving, Blue",6010
Global Ergonomic Managers Chair,6008
"Bush Corner Shelving, Metal",6008
Canon PC1080F Personal Copier,6000
"Global Leather Highback Executive Chair with Pneumatic Height Adjustment, Black",5989
"Barricks Coffee Table, Adjustable Height",5977
"Novimex Steel Folding Chair, Set of Two",5968
"Wilson Jones Binding Machine, Recycled",5967
Hon 5100 Series Wood Tables,5965
"Fellowes Trays, Industrial",5917
"Sanyo Counter Height Refrigerator with Crisper, 3.6 Cubic Foot, Stainless Steel/Black",5907
Hon 4070 Series Pagoda Round Back Stacking Chairs,5906
"Fellowes Trays, Wire Frame",5906
"Nokia Audio Dock, Cordless",5896
"Wilson Jones Binding Machine, Economy",5887
"Ibico Binding Machine, Clear",5870
"Acco Binding Machine, Clear",5868
Global Leather Executive Chair,5862
"Konica Phone, Wireless",5858
"Hewlett Fax and Copier, Digital",5857
"Tenex Trays, Single Width",5851
"Safco Stackable Bookrack, Traditional",5845
"Brother Personal Copier, Laser",5836
"HP Fax and Copier, High-Speed",5825
"Samsung Speaker Phone, VoIP",5811
"KitchenAid Blender, Silver",5811
"Office Impressions End Table, 20-1/2""H x 24""W x 20""D",5802
"Breville Stove, White",5800
Zebra GX420t Direct Thermal/Thermal Transfer Printer,5787
Iceberg Mobile Mega Data/Printer Cart ,5751
"Hon Training Table, Adjustable Height",5726
"Harbour Creations Steel Folding Chair, Set of Two",5711
Safco Contoured Stacking Chairs,5697
"Bush 3-Shelf Cabinet, Metal",5694
"SanDisk Numeric Keypad, Bluetooth",5688
"Epson Card Printer, White",5683
"Fellowes Shelving, Wire Frame",5674
Canon PC940 Copier,5670
"Apple Headset, Cordless",5666
"Logitech Keyboard, Erganomic",5663
"Bevis Round Table, Adjustable Height",5655
"SanDisk Memory Card, Erganomic",5650
"Motorola Audio Dock, Full Size",5648
"Rubbermaid Frame, Durable",5642
Bretford “Just In Time” Height-Adjustable Multi-Task Work Tables,5636
"Canon Personal Copier, Digital",5625
"Canon Fax and Copier, Color",5623
"Samsung Audio Dock, VoIP",5618
Logitech Z-906 Speaker sys - home theater - 5.1-CH,5610
"Sanford Pencil Sharpener, Water Color",5581
Deluxe Rollaway Locking File with Drawer,5573
"Tenex Shelving, Wire Frame",5567
"Nokia Headset, with Caller ID",5565
"Acco Binding Machine, Recycled",5565
"Lesro Wood Table, Fully Assembled",5557
"Canon Ink, Color",5554
"Hon Training Table, Fully Assembled",5552
"Ibico Binding Machine, Economy",5540
"Avery Binding Machine, Economy",5539
"Stanley Pencil Sharpener, Water Color",5537
"Office Star Chairmat, Adjustable",5535
"Belkin Memory Card, Bluetooth",5524
"Eldon Frame, Duo Pack",5521
"Nokia Headset, Cordless",5509
"Atlantic Metals Mobile 5-Shelf Bookcases, Custom Colors",5493
"Dania Floating Shelf Set, Mobile",5475
"Dania Corner Shelving, Mobile",5443
"Global High-Back Leather Tilter, Burgundy",5436
"Office Star Swivel Stool, Black",5434
Hon Olson Stacker Chairs,5428
"Dania Stackable Bookrack, Mobile",5420
"Advantus Frame, Erganomic",5417
"SanDisk Memory Card, Programmable",5410
"HP Personal Copier, High-Speed",5399
Ibico Hi-Tech Manual Binding System,5398
"Brother Ink, High-Speed",5383
"Boston Canvas, Water Color",5381
"Harbour Creations Rocking Chair, Red",5379
"Barricks Wood Table, with Bottom Storage",5375
"Binney & Smith Canvas, Blue",5357
"Eldon Shelving, Single Width",5354
"Nokia Speaker Phone, Full Size",5337
"StarTech Card Printer, Red",5334
Wilson SignalBoost 841262 DB PRO Amplifier Kit,5328
"Barricks Training Table, Rectangular",5325
"Nokia Office Telephone, Full Size",5324
"Cisco Headset, Full Size",5324
"Office Star Bag Chairs, Set of Two",5315
"Sanford Canvas, Fluorescent",5304
"Sanford Canvas, Blue",5303
"Konica Inkjet, Durable",5303
Hon Olson Stacker Stools,5294
GE 30524EE4,5291
"HP Ink, Digital",5287
Hon 2090 “Pillow Soft” Series Mid Back Swivel/Tilt Chairs,5283
"BIC Sketch Pad, Water Color",5276
"Bush 3-Shelf Cabinet, Mobile",5262
"Okidata Printer, Red",5235
"Fellowes Shelving, Single Width",5217
"Lifetime Advantage Folding Chairs, 4/Carton",5211
"Motorola Headset, with Caller ID",5201
"HP Personal Copier, Color",5190
"Atlantic Metals Mobile 4-Shelf Bookcases, Custom Colors",5184
"Stanley Sketch Pad, Fluorescent",5179
"Bevis Wood Table, Rectangular",5178
"Hon Steel Folding Chair, Adjustable",5171
"Stanley Canvas, Blue",5165
"Ikea 3-Shelf Cabinet, Pine",5152
"Sanford Canvas, Easy-Erase",5147
"Belkin Numeric Keypad, Bluetooth",5125
Razer Tiamat Over Ear 7.1 Surround Sound PC Gaming Headset,5120
"Binney & Smith Canvas, Fluorescent",5102
"Hewlett Ink, High-Speed",5101
"Chromcraft 48"" x 96"" Racetrack Double Pedestal Table",5098
"StarTech Printer, Wireless",5097
"Boston Pencil Sharpener, Water Color",5092
"Eldon Trays, Wire Frame",5085
"Ikea Floating Shelf Set, Metal",5082
"Rogers Shelving, Industrial",5070
"Tenex Frame, Erganomic",5061
"Apple Office Telephone, Cordless",5058
"Smead Trays, Blue",5055
"Sanford Sketch Pad, Fluorescent",5050
"Hon Computer Table, with Bottom Storage",5044
"Bush Corner Shelving, Traditional",5044
"StarTech Printer, Durable",5037
"Eldon Shelving, Industrial",5035
"Konica Receipt Printer, Wireless",5022
"Tenex Frame, Duo Pack",5018
Hoover Shoulder Vac Commercial Portable Vacuum,5010
"Panasonic Card Printer, Durable",5002
"Logitech Memory Card, Bluetooth",4997
"Epson Inkjet, White",4992
"Binney & Smith Sketch Pad, Water Color",4986
Panasonic KX-TG9471B,4978
"Cisco Headset, Cordless",4966
Chromcraft Rectangular Conference Tables,4952
"Chromcraft Wood Table, Adjustable Height",4945
"Okidata Receipt Printer, Red",4926
"Samsung Office Telephone, Cordless",4924
"Tenex Trays, Blue",4920
"Enermax Memory Card, Programmable",4918
Apple iPhone 5S,4902
"Okidata Receipt Printer, Durable",4899
"Fellowes Trays, Single Width",4894
O'Sullivan 2-Door Barrister Bookcase in Odessa Pine,4887
"Chromcraft Round Table, with Bottom Storage",4882
"Advantus Frame, Black",4881
"Deflect-O Frame, Duo Pack",4879
"Samsung Headset, Cordless",4871
"Panasonic Inkjet, Wireless",4871
"Apple Headset, with Caller ID",4868
"Enermax Keyboard, Erganomic",4862
Brother DCP1000 Digital 3 in 1 Multifunction Machine,4860
"Tenex Trays, Wire Frame",4848
"Boston Sketch Pad, Fluorescent",4848
"Novimex Steel Folding Chair, Red",4844
"Binney & Smith Pencil Sharpener, Water Color",4843
"Harbour Creations Chairmat, Red",4840
Fellowes Staxonsteel Drawer Files,4831
"Brother Ink, Digital",4824
"Hewlett Fax and Copier, Color",4821
"Stanley Canvas, Fluorescent",4809
"Bush Floating Shelf Set, Traditional",4808
"StarTech Card Printer, Wireless",4803
"Konica Receipt Printer, White",4795
"Hamilton Beach Microwave, Silver",4788
"Dania 3-Shelf Cabinet, Traditional",4787
"Memorex Keyboard, Programmable",4786
"Fellowes Trays, Blue",4783
"Wilson Jones Binding Machine, Durable",4778
Smead Adjustable Mobile File Trolley with Lockable Top,4778
High-Back Leather Manager's Chair,4771
"Motorola Headset, Full Size",4747
"Okidata Printer, Durable",4744
"Motorola Office Telephone, Full Size",4742
"HP Fax and Copier, Laser",4733
"Konica Card Printer, Wireless",4730
"Apple Audio Dock, Cordless",4727
"Chromcraft Wood Table, Rectangular",4724
"Ikea Floating Shelf Set, Mobile",4713
"Novimex Chairmat, Set of Two",4712
"KitchenAid Toaster, White",4712
"Konica Card Printer, Durable",4710
SAFCO Boltless Steel Shelving,4705
"Eldon Shelving, Blue",4703
"Sharp Ink, High-Speed",4678
"Rogers Trays, Blue",4656
"Tenex Frame, Black",4653
"Epson Receipt Printer, Wireless",4644
"Memorex Memory Card, Bluetooth",4642
Global Executive Mid-Back Manager's Chair,4626
DMI Arturo Collection Mission-style Design Wood Chair,4621
Polycom CX600 IP Phone VoIP phone,4620
"BIC Canvas, Water Color",4619
"Novimex Steel Folding Chair, Adjustable",4617
"Enermax Keyboard, USB",4611
"Samsung Office Telephone, Full Size",4609
Letter Size Cart,4599
"Apple Office Telephone, VoIP",4598
"Rogers Shelving, Blue",4594
"Wilson Jones Binding Machine, Clear",4578
"Stanley Canvas, Easy-Erase",4569
"Ikea 3-Shelf Cabinet, Traditional",4560
KI Adjustable-Height Table,4554
"Hon Steel Folding Chair, Set of Two",4552
"Harbour Creations Chairmat, Set of Two",4552
"Binney & Smith Sketch Pad, Fluorescent",4549
"Hon Bag Chairs, Set of Two",4547
"Bevis Training Table, Adjustable Height",4547
"Bevis Round Bullnose 29"" High Table Top",4546
"Dania 3-Shelf Cabinet, Metal",4542
"Smead Trays, Industrial",4538
"Apple Speaker Phone, Full Size",4534
"Chromcraft Conference Table, Adjustable Height",4520
Fellowes Officeware Wire Shelving,4509
Samsung Galaxy Note 2,4508
"Stanley Canvas, Water Color",4506
"Okidata Card Printer, Durable",4492
"Okidata Card Printer, Red",4480
"Fellowes Strictly Business Drawer File, Letter/Legal Size",4478
Sanyo 2.5 Cubic Foot Mid-Size Office Refrigerators,4477
"Konica Receipt Printer, Red",4475
"Fiskars Trimmer, Easy Grip",4471
"Advantus Frame, Duo Pack",4453
"Ikea Corner Shelving, Metal",4451
"Canon Ink, High-Speed",4448
"Riverside Furniture Oval Coffee Table, Oval End Table, End Table with Drawer",4446
"Avery Binding Machine, Recycled",4438
Nortel Meridian M3904 Professional Digital phone,4435
"Acco Binding Machine, Economy",4427
"Memorex Memory Card, Programmable",4426
Global Commerce Series Low-Back Swivel/Tilt Chairs,4420
"Cisco Office Telephone, VoIP",4420
"SAFCO Steel Folding Chair, Set of Two",4417
"Hewlett Ink, Color",4413
"Tenex Shelving, Blue",4411
"Smead Trays, Wire Frame",4402
Sharp 1540cs Digital Laser Copier,4400
"Tenex Shelving, Single Width",4397
"Hon Chairmat, Set of Two",4396
"Sanford Pencil Sharpener, Easy-Erase",4393
"Binney & Smith Canvas, Water Color",4392
Logitech G19 Programmable Gaming Keyboard,4390
"Smead Trays, Single Width",4386
"Tennsco Stur-D-Stor Boltless Shelving, 5 Shelves, 24"" Deep, Sand",4384
"SAFCO Steel Folding Chair, Adjustable",4382
"Acco Binding Machine, Durable",4379
"Smead Shelving, Wire Frame",4352
"Office Star Chairmat, Set of Two",4350
"Eldon Frame, Erganomic",4350
"Apple Headset, VoIP",4350
"Hon Practical Foundations 30 x 60 Training Table, Light Gray/Charcoal",4335
"Memorex Numeric Keypad, Bluetooth",4334
"Hon Steel Folding Chair, Red",4333
Bevis 36 x 72 Conference Tables,4331
"Panasonic Receipt Printer, White",4323
GBC DocuBind TL200 Manual Binding Machine,4323
"SAFCO Chairmat, Adjustable",4318
"Enermax Keyboard, Programmable",4317
"Green Bar Cards & Envelopes, Multicolor",4308
"Tenex Frame, Durable",4305
"Belkin Memory Card, Erganomic",4305
"Chromcraft Bull-Nose Wood 48"" x 96"" Rectangular Conference Tables",4298
"Samsung Office Telephone, with Caller ID",4295
"Enermax Memory Card, Erganomic",4284
"Lesro Coffee Table, with Bottom Storage",4275
"Sanford Sketch Pad, Water Color",4273
Cisco 9971 IP Video Phone Charcoal,4268
"Cardinal Binding Machine, Recycled",4266
"Panasonic Receipt Printer, Durable",4260
"Samsung Headset, VoIP",4235
"Samsung Headset, with Caller ID",4228
"Belkin Keyboard, Erganomic",4227
"Lesro Training Table, Adjustable Height",4224
Motorola L703CM,4212
GBC DocuBind 200 Manual Binding Machine,4210
"SAFCO Commercial Wire Shelving, Black",4201
Hewlett Packard 310 Color Digital Copier,4200
Office Star - Mid Back Dual function Ergonomic High Back Chair with 2-Way Adjustable Arms,4186
"Boston Canvas, Blue",4185
"Office Star Chairmat, Red",4182
Fellowes PB200 Plastic Comb Binding Machine,4182
Cisco SPA301,4182
"Boston Sketch Pad, Water Color",4168
"Global Wood Trimmed Manager's Task Chair, Khaki",4166
"Sharp Ink, Color",4163
"Apple Office Telephone, Full Size",4163
"SanDisk Numeric Keypad, Erganomic",4158
"Chromcraft Wood Table, with Bottom Storage",4150
"Eldon Trays, Single Width",4147
"SanDisk Keyboard, Erganomic",4125
"Sanford Markers, Water Color",4122
Canon PC-428 Personal Copier,4120
"Motorola Signal Booster, with Caller ID",4115
"Boston Sketch Pad, Easy-Erase",4114
"Binney & Smith Canvas, Easy-Erase",4100
"BIC Sketch Pad, Blue",4093
"Epson Phone, Wireless",4086
"Rubbermaid Frame, Black",4072
"Boston Canvas, Easy-Erase",4070
"Breville Blender, White",4067
"Hoover Blender, White",4064
"Motorola Headset, Cordless",4048
Wireless Extenders zBoost YX545 SOHO Signal Booster,4045
"Barricks Wood Table, Fully Assembled",4043
"Motorola Speaker Phone, with Caller ID",4032
"Rogers Shelving, Single Width",4026
"Ikea Corner Shelving, Pine",4023
"Sanford Sketch Pad, Blue",4020
"Logitech Memory Card, Programmable",4016
Fellowes Super Stor/Drawer Files,4006
Samsung Galaxy S4 Active,4000
WD My Passport Ultra 2TB Portable External Hard Drive,3998
"Rogers Trays, Single Width",3996
Canon imageCLASS MF7460 Monochrome Digital Laser Multifunction Copier,3992
Office Star - Contemporary Swivel Chair with Padded Adjustable Arms and Flex Back,3990
"Cardinal Binding Machine, Durable",3990
"Novimex Bag Chairs, Black",3985
"Epson Phone, Durable",3975
Polycom SoundStation2 EX Conference phone,3969
Hon Racetrack Conference Tables,3965
"Acco 3-Hole Punch, Economy",3962
"Lesro Round Table, Adjustable Height",3961
Canon Image Class D660 Copier,3960
"Global Airflow Leather Mesh Back Chair, Black",3955
Fellowes High-Stak Drawer Files,3947
"Enermax Note Cards, Premium",3946
"Harbour Creations Steel Folding Chair, Adjustable",3938
"Safco Stackable Bookrack, Mobile",3932
"Bevis Training Table, Rectangular",3930
"Hon Chairmat, Red",3924
"Konica Phone, Red",3923
"Fellowes Shelving, Industrial",3918
"Nokia Office Telephone, with Caller ID",3913
"Enermax Numeric Keypad, Erganomic",3905
"Green Bar Cards & Envelopes, 8.5 x 11",3900
"Fellowes Shelving, Blue",3898
"Memorex Memory Card, USB",3893
"Panasonic Card Printer, White",3891
"Okidata Card Printer, Wireless",3885
"Breville Microwave, Black",3884
"Epson Receipt Printer, White",3875
"Logitech Keyboard, Programmable",3868
"Lesro Wood Table, Rectangular",3867
Luxo Professional Fluorescent Magnifier Lamp with Clamp-Mount Base,3861
"Barricks Wood Table, Adjustable Height",3858
Honeywell Enviracaire Portable HEPA Air Cleaner for 16' x 20' Room,3855
"Advantus Photo Frame, Black",3854
"Wilson Jones 3-Hole Punch, Durable",3851
Polycom SoundPoint IP 450 VoIP phone,3840
"Konica Printer, Red",3837
"Cardinal 3-Hole Punch, Durable",3835
"SanDisk Numeric Keypad, USB",3818
"Harbour Creations Chairmat, Adjustable",3816
Google Nexus 5,3816
"Cisco Office Telephone, Cordless",3782
Hon Non-Folding Utility Tables,3776
"Hon Computer Table, Adjustable Height",3748
"StarTech Receipt Printer, White",3747
Logitech VX Revolution Cordless Laser Mouse for Notebooks (Black),3744
"Hon Coffee Table, with Bottom Storage",3743
"SAFCO PlanMaster Heigh-Adjustable Drafting Table Base, 43w x 30d x 30-37h, Black",3739
"StarTech Card Printer, Durable",3732
"Cisco Office Telephone, Full Size",3723
"Lesro Round Table, Fully Assembled",3722
"Sharp Ink, Digital",3721
"Hon Chairmat, Adjustable",3708
"BIC Sketch Pad, Easy-Erase",3704
"Stanley Markers, Water Color",3702
"Smead Shelving, Industrial",3699
"Bevis Conference Table, Rectangular",3686
Aastra 57i VoIP phone,3686
"Hon Steel Folding Chair, Black",3685
"Office Star - Contemporary Task Swivel chair with Loop Arms, Charcoal",3680
"Office Star Steel Folding Chair, Set of Two",3679
"SanDisk Keyboard, Bluetooth",3676
"Bevis Computer Table, Adjustable Height",3674
"Panasonic Receipt Printer, Red",3669
"Sauder Stackable Bookrack, Traditional",3668
"Sanford Canvas, Water Color",3666
"Barricks Conference Table, Rectangular",3664
"Lesro Round Table, with Bottom Storage",3661
Polycom VoiceStation 500 Conference phone,3658
"Nokia Headset, Full Size",3658
"Novimex Chairmat, Adjustable",3645
"Dania Floating Shelf Set, Pine",3643
"Situations Contoured Folding Chairs, 4/Set",3641
"Sharp Personal Copier, High-Speed",3637
"Nokia Headset, VoIP",3637
"Harbour Creations Steel Folding Chair, Red",3635
"Bush Heritage Pine Collection 5-Shelf Bookcase, Albany Pine Finish, *Special Order",3625
"Office Star Chairmat, Black",3623
Toshiba IPT2010-SD IP Telephone,3614
"Hewlett Personal Copier, Digital",3613
"Ibico 3-Hole Punch, Recycled",3604
"Konica Card Printer, White",3604
"Bush Cubix Conference Tables, Fully Assembled",3603
"Motorola Office Telephone, VoIP",3600
"KitchenAid Blender, Black",3594
"Green Bar Note Cards, Premium",3594
Pyle PMP37LED,3591
"Memorex Keyboard, Erganomic",3577
"Chromcraft Round Table, Fully Assembled",3577
"Samsung Signal Booster, with Caller ID",3564
"Cardinal 3-Hole Punch, Economy",3564
"Avery 3-Hole Punch, Recycled",3556
"Stanley Sketch Pad, Blue",3552
"Cardinal 3-Hole Punch, Recycled",3542
Global Adaptabilities Conference Tables,3540
"24 Capacity Maxi Data Binder Racks, Pearl",3537
Global Comet Stacking Armless Chair,3528
"Harbour Creations Bag Chairs, Adjustable",3521
"SAFCO Chairmat, Red",3516
Avanti 4.4 Cu. Ft. Refrigerator,3511
"Novimex Bag Chairs, Adjustable",3499
"Smead Shelving, Single Width",3488
"Harbour Creations Bag Chairs, Black",3487
"Lesro Training Table, Fully Assembled",3484
Hon Rectangular Conference Tables,3482
"BIC Pencil Sharpener, Water Color",3481
"Logitech Memory Card, USB",3478
"Panasonic Receipt Printer, Wireless",3470
"Acco 3-Hole Punch, Durable",3470
"Konica Phone, White",3464
"Wilson Jones 3-Hole Punch, Recycled",3460
"Kleencut Shears, Steel",3458
"Iceberg OfficeWorks 42"" Round Tables",3457
"Global Adaptabilites Bookcase, Cherry/Storm Gray Finish",3448
"Stanley Sketch Pad, Easy-Erase",3435
"Nokia Office Telephone, Cordless",3434
"Hon Round Table, Rectangular",3423
O'Sullivan Living Dimensions 5-Shelf Bookcases,3422
Geemarc AmpliPOWER60,3412
Hewlett-Packard Desktjet 6988DT Refurbished Printer,3405
"Ikea Corner Shelving, Traditional",3401
Bush Advantage Collection Round Conference Table,3401
Fellowes Stor/Drawer Steel Plus Storage Drawers,3398
"Bevis Round Table, Fully Assembled",3395
"Advantus Door Stop, Erganomic",3394
"Bevis Coffee Table, Adjustable Height",3373
"Belkin Keyboard, Programmable",3369
"Breville Coffee Grinder, White",3364
"Chromcraft Bull-Nose Wood Round Conference Table Top, Wood Base",3355
"Boston Pencil Sharpener, Easy-Erase",3350
"SAFCO Bag Chairs, Red",3349
"BIC Canvas, Easy-Erase",3337
"Memorex Numeric Keypad, Erganomic",3331
"Xerox Cards & Envelopes, 8.5 x 11",3324
"Dot Matrix Printer Tape Reel Labels, White, 5000/Box",3324
"Bush Andora Bookcase, Maple/Graphite Gray Finish",3318
Tenex Antistatic Computer Chair Mats,3317
"Deflect-O Clock, Black",3312
"Belkin Numeric Keypad, Erganomic",3307
"Belkin Keyboard, USB",3303
"Enermax Memory Card, Bluetooth",3298
"Rogers Folders, Industrial",3288
"Epson Card Printer, Red",3283
"Stiletto Shears, High Speed",3282
"Office Star Bag Chairs, Black",3280
"Lesro Computer Table, with Bottom Storage",3272
"Safco Corner Shelving, Pine",3270
"Barricks Training Table, Fully Assembled",3267
"Sanford Sketch Pad, Easy-Erase",3264
"Kleencut Trimmer, Steel",3263
Bevis 44 x 96 Conference Tables,3254
"Chromcraft Round Table, Rectangular",3253
"Hoover Toaster, Red",3252
"Fiskars Trimmer, Serrated",3248
Ibico EB-19 Dual Function Manual Binding System,3236
"Cardinal 3-Hole Punch, Clear",3236
"Bush 3-Shelf Cabinet, Pine",3234
"Barricks Round Table, Adjustable Height",3232
"SAFCO Steel Folding Chair, Black",3231
"Eldon Trays, Industrial",3224
GBC ProClick 150 Presentation Binding System,3223
"Stanley Sketch Pad, Water Color",3222
"Rubbermaid Photo Frame, Durable",3222
"Motorola Headset, VoIP",3217
"Novimex Chairmat, Black",3215
Okidata C331dn Printer,3211
"Eldon Door Stop, Black",3211
"Harbour Creations Bag Chairs, Red",3210
"Fiskars Letter Opener, Easy Grip",3207
"Memorex Keyboard, USB",3191
"Barricks Coffee Table, Fully Assembled",3191
"Panasonic Card Printer, Red",3190
"Advantus Photo Frame, Erganomic",3190
"Kleencut Letter Opener, Easy Grip",3189
"Apple Office Telephone, with Caller ID",3182
"Stiletto Shears, Steel",3180
Office Impressions Heavy Duty Welded Shelving & Multimedia Storage Drawers,3179
"Epson Receipt Printer, Red",3168
Jabra SPEAK 410,3159
"Global Fabric Manager's Chair, Dark Gray",3151
"BIC Markers, Easy-Erase",3144
Hon 2111 Invitation Series Corner Table,3140
"Barricks Coffee Table, Rectangular",3139
Economy Rollaway Files,3137
"Hon Wood Table, Adjustable Height",3130
"Panasonic Card Printer, Wireless",3129
"Tenex Clock, Black",3122
"SanDisk Cards & Envelopes, Recycled",3118
"Elite Trimmer, Steel",3114
"Office Star Bag Chairs, Adjustable",3104
BlackBerry Q10,3099
"Barricks Computer Table, Adjustable Height",3099
"Epson Receipt Printer, Durable",3096
"Enermax Keyboard, Bluetooth",3082
"Fiskars Shears, High Speed",3079
Panasonic KX-TG9541B DECT 6.0 Digital 2-Line Expandable Cordless Phone With Digital Answering System,3060
"Hamilton Beach Blender, Black",3056
Hoover WindTunnel Plus Canister Vacuum,3052
"Eldon Clock, Black",3052
Digium D40 VoIP phone,3044
"Rogers Box, Blue",3040
Hewlett-Packard Deskjet 3050a All-in-One Color Inkjet Printer,3040
"Acco 7-Outlet Masterpiece Power Center, Wihtout Fax/Phone Line Protection",3040
Space Solutions HD Industrial Steel Shelving.,3036
Carina Double Wide Media Storage Towers in Natural & Black,3030
"Eaton Cards & Envelopes, Premium",3016
"Advantus Photo Frame, Duo Pack",3004
"Avery 3-Hole Punch, Clear",3003
"SAFCO Chairmat, Black",2984
"Elite Trimmer, Serrated",2984
Compact Automatic Electric Letter Opener,2983
"SAFCO PlanMaster Boards, 60w x 37-1/2d, White Melamine",2979
O'Sullivan Living Dimensions 2-Shelf Bookcases,2970
"Bevis Training Table, Fully Assembled",2969
"Cisco Headset, VoIP",2965
"Hoover Blender, Black",2964
"Global Manager's Adjustable Task Chair, Storm",2959
"Acme Trimmer, Easy Grip",2956
GBC DocuBind P100 Manual Binding Machine,2954
"BIC Pencil Sharpener, Blue",2951
"Hoover Coffee Grinder, White",2950
"Logitech Keyboard, USB",2949
O'Sullivan Plantations 2-Door Library in Landvery Oak,2947
3.6 Cubic Foot Counter Height Office Refrigerator,2947
"KitchenAid Toaster, Black",2943
"SanDisk Memory Card, USB",2931
Aastra 6757i CT Wireless VoIP phone,2931
"Panasonic Phone, Red",2929
"Chromcraft Coffee Table, Adjustable Height",2918
"Boston Markers, Blue",2916
Novimex Swivel Fabric Task Chair,2914
"SAFCO Bag Chairs, Adjustable",2913
"Deflect-O Clock, Durable",2913
"Samsung Office Telephone, VoIP",2912
ShoreTel ShorePhone IP 230 VoIP phone,2906
"Binney & Smith Markers, Water Color",2905
O'Sullivan Living Dimensions 3-Shelf Bookcases,2903
"Belkin Mouse, Erganomic",2903
"Eldon Photo Frame, Duo Pack",2888
Kensington 7 Outlet MasterPiece Power Center,2884
"Hon Chairmat, Black",2881
Logitech Wireless Gaming Headset G930,2880
"Eldon Frame, Black",2875
"Okidata Phone, White",2872
Bose SoundLink Bluetooth Speaker,2865
"Electrix Architect's Clamp-On Swing Arm Lamp, Black",2863
"Advantus Clock, Duo Pack",2862
"Deflect-O Clock, Erganomic",2855
"Hoover Toaster, White",2851
"SanDisk Cards & Envelopes, Premium",2850
"Lesro Round Back Collection Coffee Table, End Table",2849
Okidata MB491 Multifunction Printer,2844
"Acco 3-Hole Punch, Recycled",2844
"Ames Interoffice Envelope, Security-Tint",2840
Premier Automatic Letter Opener,2836
"Belkin Numeric Keypad, USB",2829
"Elite Shears, Easy Grip",2828
"Memorex Keyboard, Bluetooth",2825
"Rubbermaid Clock, Erganomic",2810
"Rubbermaid Door Stop, Duo Pack",2809
"Cameo Interoffice Envelope, Recycled",2809
"Chromcraft Wood Table, Fully Assembled",2807
Logitech Wireless Headset h800,2800
"Novimex Chairmat, Red",2796
Xerox 1915,2791
"Deflect-O Photo Frame, Black",2791
"Belkin Keyboard, Bluetooth",2790
"Logitech Numeric Keypad, Erganomic",2788
"Binney & Smith Pencil Sharpener, Easy-Erase",2784
"Fellowes Folders, Blue",2779
"Stiletto Letter Opener, Easy Grip",2776
"Hon Bag Chairs, Red",2773
"Eldon Trays, Blue",2771
"Cameo Interoffice Envelope, Set of 50",2763
"StarTech Phone, White",2761
Electrix Halogen Magnifier Lamp,2760
"Green Bar Cards & Envelopes, Premium",2757
Maxell iVDR EX 500GB Cartridge,2756
"Logitech Keyboard, Bluetooth",2756
"Cisco Office Telephone, with Caller ID",2756
"Jiffy Interoffice Envelope, Recycled",2755
"Belkin Flash Drive, Programmable",2755
VTech DS6151,2748
"Hoover Toaster, Silver",2747
"Hon Bag Chairs, Adjustable",2747
Nortel Meridian M5316 Digital phone,2745
"Motorola Office Telephone, Cordless",2745
O'Sullivan 4-Shelf Bookcase in Odessa Pine,2740
"Advantus Door Stop, Black",2739
"Carina Mini System Audio Rack, Model AR050B",2731
"Stanley Pencil Sharpener, Fluorescent",2722
"Enermax Numeric Keypad, USB",2715
"Lesro Training Table, Rectangular",2712
"Ibico 3-Hole Punch, Durable",2711
"Bevis Round Table, with Bottom Storage",2711
"Kraft Interoffice Envelope, Security-Tint",2706
Hon Mobius Operator's Chair,2706
"1.7 Cubic Foot Compact ""Cube"" Office Refrigerators",2706
"Enermax Mouse, Bluetooth",2701
"GE 48"" Fluorescent Tube, Cool White Energy Saver, 34 Watts, 30/Box",2697
"Eldon Door Stop, Durable",2690
"Advantus Clock, Black",2686
"Bevis Computer Table, with Bottom Storage",2682
"Fiskars Shears, Easy Grip",2679
"Avery 3-Hole Punch, Durable",2677
"Binney & Smith Sketch Pad, Easy-Erase",2672
"Bevis Round Conference Table Top, X-Base",2672
"Fellowes Folders, Single Width",2670
"Binney & Smith Markers, Fluorescent",2665
"Kleencut Trimmer, Easy Grip",2663
"BIC Pencil Sharpener, Easy-Erase",2661
Imation Bio 8GB USB Flash Drive Imation Corp,2659
"Xerox Cards & Envelopes, Recycled",2658
Global Highback Leather Tilter in Burgundy,2647
"Acme Shears, High Speed",2647
Cisco 8x8 Inc. 6753i IP Business Phone System,2646
Premier Electric Letter Opener,2641
"Fiskars Trimmer, Steel",2639
"Eaton Note Cards, Premium",2634
"Barricks Round Table, with Bottom Storage",2633
Vtech CS6719,2631
"Boston Markers, Easy-Erase",2630
NETGEAR AC1750 Dual Band Gigabit Smart WiFi Router,2624
"Acme Trimmer, Steel",2623
"Jiffy Interoffice Envelope, Set of 50",2621
Razer Kraken 7.1 Surround Sound Over Ear USB Gaming Headset,2620
"Enermax Mouse, Erganomic",2617
"Kleencut Box Cutter, High Speed",2616
"Ibico 3-Hole Punch, Clear",2616
Fellowes Bankers Box Staxonsteel Drawer File/Stacking System,2613
Motorola Droid Maxx,2610
"Enermax Flash Drive, Programmable",2609
"Bevis Wood Table, Adjustable Height",2608
"Barricks Wood Table, Rectangular",2603
"StarTech Receipt Printer, Wireless",2597
"Enermax Mouse, Programmable",2593
Hon Deluxe Fabric Upholstered Stacking Chairs,2586
"Office Star Bag Chairs, Red",2580
"BIC Pencil Sharpener, Fluorescent",2573
"Tenex Clock, Durable",2568
"Kleencut Shears, Serrated",2567
"Enermax Mouse, USB",2567
"Stiletto Box Cutter, Steel",2556
"Stanley Markers, Fluorescent",2555
"Stur-D-Stor Shelving, Vertical 5-Shelf: 72""H x 36""W x 18 1/2""D",2553
"Eaton Cards & Envelopes, Recycled",2552
"Chromcraft Computer Table, Fully Assembled",2551
"Acco 3-Hole Punch, Clear",2546
"Elite Trimmer, Easy Grip",2544
Fellowes Powershred HS-440 4-Sheet High Security Shredder,2542
Bevis Boat-Shaped Conference Table,2542
"Rubbermaid Photo Frame, Duo Pack",2540
"Okidata Receipt Printer, White",2536
"Hoover Coffee Grinder, Red",2536
"Rubbermaid Stacking Tray, Erganomic",2535
"SAFCO Chairmat, Set of Two",2534
"Deflect-O Door Stop, Black",2532
"Eldon Door Stop, Erganomic",2526
"Tenex Stacking Tray, Erganomic",2523
Xerox WorkCentre 6505DN Laser Multifunction Printer,2520
"Tenex Clock, Duo Pack",2518
"Breville Toaster, Red",2518
"Enermax Flash Drive, USB",2515
Safco Industrial Wire Shelving System,2511
Plantronics Calisto P620-M USB Wireless Speakerphone System,2509
"Epson Phone, White",2500
"Deflect-O Door Stop, Erganomic",2499
Kensington 7 Outlet MasterPiece HOMEOFFICE Power Control Center,2491
Kensington 4 Outlet MasterPiece Compact Power Control Center,2490
"Rush Hierlooms Collection 1"" Thick Stackable Bookcases",2488
Sensible Storage WireTech Storage Systems,2485
"Acme Box Cutter, Easy Grip",2485
Wi-Ex zBoost YX540 Cellular Phone Signal Booster,2482
"Lesro Coffee Table, Adjustable Height",2482
"BIC Markers, Water Color",2481
"Xerox Cards & Envelopes, Premium",2468
"SanDisk Note Cards, Premium",2466
"GlobeWeis Mailers, Security-Tint",2462
"Jiffy Mailers, Security-Tint",2456
Enermax Acrylux Wireless Keyboard,2450
"Cuisinart Blender, Red",2441
"GlobeWeis Interoffice Envelope, Set of 50",2440
"Logitech Numeric Keypad, Programmable",2439
"Boston Highlighters, Water Color",2439
"Acme Letter Opener, Steel",2439
"Wilson Jones 3-Hole Punch, Economy",2437
"Breville Coffee Grinder, Black",2437
"Acme Trimmer, High Speed",2437
"BIC Markers, Fluorescent",2435
"Novimex Bag Chairs, Set of Two",2430
"Tenex Photo Frame, Erganomic",2426
"SanDisk Note Cards, Multicolor",2425
"Novimex Bag Chairs, Red",2422
"Harbour Creations Bag Chairs, Set of Two",2422
"Hon Coffee Table, Adjustable Height",2417
"Samsung Headset, Full Size",2416
"BIC Highlighters, Water Color",2414
"Cameo Mailers, with clear poly window",2411
"Eldon Shelving, Wire Frame",2409
"Advantus Stacking Tray, Erganomic",2407
"Stockwell Paper Clips, Assorted Sizes",2404
"SanDisk Computer Printout Paper, 8.5 x 11",2400
"Eldon Clock, Duo Pack",2400
Panasonic KX MB2061 Multifunction Printer,2396
"Lesro Wood Table, with Bottom Storage",2393
Harbour Creations Steel Folding Chair,2391
"Cameo Mailers, Recycled",2391
Global Super Steno Chair,2390
"Fellowes Box, Industrial",2373
"Hoover Toaster, Black",2371
"Okidata Calculator, White",2370
"Enermax Flash Drive, Erganomic",2369
"Fellowes Box, Wire Frame",2368
"SanDisk Flash Drive, Bluetooth",2366
"Acme Letter Opener, Easy Grip",2364
"Tenex Folders, Single Width",2363
Logitech Gaming G510s - Keyboard,2363
Swingline SM12-08 MicroCut Jam Free Shredder,2360
"Green Bar Note Cards, Multicolor",2360
"Belkin Mouse, Bluetooth",2355
"StarTech Phone, Wireless",2350
"Eaton Computer Printout Paper, 8.5 x 11",2341
Logitech G700s Rechargeable Gaming Mouse,2340
"3D Systems Cube Printer, 2nd Generation, White",2340
"Acme Trimmer, Serrated",2340
"Fiskars Box Cutter, Serrated",2337
"Acme Shears, Serrated",2336
StarTech.com 10/100 VDSL2 Ethernet Extender Kit,2332
"Fiskars Shears, Steel",2331
"SanDisk Keyboard, USB",2330
"Stiletto Trimmer, Serrated",2327
"Stanley Markers, Easy-Erase",2326
"Barricks Training Table, with Bottom Storage",2316
"Logitech Numeric Keypad, USB",2311
"StarTech Printer, White",2307
"Fellowes Folders, Industrial",2305
"BIC Sketch Pad, Fluorescent",2303
"Fellowes Mobile File Cart, Black",2300
"Gould Plastics 18-Pocket Panel Bin, 34w x 5-1/4d x 20-1/2h",2299
"Lesro Sheffield Collection Coffee Table, End Table, Center Table, Corner Table",2298
Bevis Round Conference Table Top & Single Column Base,2296
"Stiletto Box Cutter, Easy Grip",2294
"Stockwell Clamps, 12 Pack",2283
"Breville Toaster, Silver",2282
Xiaomi Mi3,2280
"Enermax Note Cards, 8.5 x 11",2278
"Wilson Jones 3-Hole Punch, Clear",2274
"Kraft Interoffice Envelope, Set of 50",2274
"Eldon Folders, Industrial",2273
"Boston Markers, Water Color",2270
"Tenex 46"" x 60"" Computer Anti-Static Chairmat, Rectangular Shaped",2268
"Sanford Pencil Sharpener, Fluorescent",2268
GBC DocuBind P50 Personal Binding Machine,2267
"Eldon Clock, Durable",2259
"Panasonic Phone, Durable",2257
"SAFCO Bag Chairs, Set of Two",2253
"Elite Letter Opener, Easy Grip",2253
Cisco IP Phone 7961G-GE VoIP phone,2253
"SAFCO Bag Chairs, Black",2247
"Belkin Mouse, USB",2245
"Rubbermaid Photo Frame, Erganomic",2242
Plantronics S12 Corded Telephone Headset System,2242
BPI Conference Tables,2241
"Cuisinart Blender, Black",2240
"Deflect-O Clock, Duo Pack",2239
"StarTech Calculator, Red",2238
"Binney & Smith Highlighters, Water Color",2234
"Advantus Clock, Durable",2233
"Sanford Markers, Easy-Erase",2232
"Acme Shears, Easy Grip",2231
Plantronics HL10 Handset Lifter,2227
Konftel 250 Conference phone - Charcoal black,2222
Avanti 1.7 Cu. Ft. Refrigerator,2222
"Tenex Photo Frame, Duo Pack",2216
"Hoover Blender, Silver",2215
"Binney & Smith Markers, Easy-Erase",2214
"Ames Interoffice Envelope, with clear poly window",2213
"Logitech Mouse, Bluetooth",2212
"Rogers Folders, Wire Frame",2211
"GlobeWeis Mailers, Recycled",2209
Office Star - Ergonomic Mid Back Chair with 2-Way Adjustable Arms,2208
"Global Value Steno Chair, Gray",2205
"GlobeWeis Manila Envelope, Set of 50",2202
Office Star - Mesh Screen back chair with Vinyl seat,2200
"Enermax Cards & Envelopes, Premium",2200
"Fiskars Shears, Serrated",2199
"Hamilton Beach Coffee Grinder, Red",2195
"3M Polarizing Task Lamp with Clamp Arm, Light Gray",2192
"Eldon Photo Frame, Erganomic",2188
"Global Push Button Manager's Chair, Indigo",2186
"Belkin Flash Drive, USB",2184
"Xerox Note Cards, Premium",2181
"Stiletto Trimmer, Steel",2180
"Hamilton Beach Blender, Silver",2179
"Binney & Smith Markers, Blue",2178
"Sanford Markers, Fluorescent",2173
"Boston Markers, Fluorescent",2172
"SanDisk Cards & Envelopes, 8.5 x 11",2163
Razer Kraken PRO Over Ear PC and Music Headset,2160
Jabra Supreme Plus Driver Edition Headset,2160
Logitech G35 7.1-Channel Surround Sound Headset,2158
Samsung Galaxy Note 3,2156
Sauder Inglewood Library Bookcases,2155
"Logitech Flash Drive, USB",2153
"Breville Toaster, Black",2153
"Cuisinart Blender, Silver",2152
"Tenex Door Stop, Duo Pack",2151
"Chromcraft Training Table, with Bottom Storage",2147
"Chromcraft Training Table, Rectangular",2142
KI Conference Tables,2140
"KitchenAid Toaster, Red",2137
"Stockwell Clamps, Assorted Sizes",2131
"Enermax Note Cards, Multicolor",2121
"Breville Blender, Silver",2120
"Tenex Folders, Wire Frame",2119
Mitel 5320 IP Phone VoIP phone,2116
"Rubbermaid Photo Frame, Black",2107
"Cameo Interoffice Envelope, Security-Tint",2107
"Elite Letter Opener, High Speed",2106
"Deflect-O Photo Frame, Durable",2101
Imation Bio 2GB USB Flash Drive Imation Corp,2099
Laminate Occasional Tables,2096
"Kleencut Shears, Easy Grip",2094
"Sharp Personal Copier, Color",2087
"BIC Highlighters, Blue",2086
"Stockwell Clamps, Bulk Pack",2085
"Lesro Training Table, with Bottom Storage",2074
"Cameo Interoffice Envelope, with clear poly window",2074
"Panasonic Calculator, Red",2071
"KitchenAid Coffee Grinder, Red",2069
"Bevis Wood Table, Fully Assembled",2065
"Rubbermaid ClusterMat Chairmats, Mat Size- 66"" x 60"", Lip 20"" x 11"" -90 Degree Angle",2064
Cisco SPA 502G IP Phone,2064
"Tenex Chairmat w/ Average Lip, 45"" x 53""",2059
"Panasonic Calculator, Durable",2050
"Epson Phone, Red",2047
HTC One Mini,2042
"Breville Blender, Black",2042
Hon 2111 Invitation Series Straight Table,2039
"Tenex Photo Frame, Black",2038
"Bevis Traditional Conference Table Top, Plinth Base",2033
"Acco Binder Covers, Recycled",2033
Global Enterprise Series Seating High-Back Swivel/Tilt Chairs,2032
"Okidata Calculator, Durable",2029
Jawbone MINI JAMBOX Wireless Bluetooth Speaker,2027
"Rogers Box, Single Width",2025
"GlobeWeis Interoffice Envelope, Security-Tint",2025
Jawbone JAMBOX Wireless Bluetooth Speaker,2022
Jabra SPEAK 410 Multidevice Speakerphone,2019
Ooma Telo VoIP Home Phone System,2017
"Acco Binder, Economy",2015
"GlobeWeis Interoffice Envelope, Recycled",2014
Okidata C610n Printer,2012
"Xerox Cards & Envelopes, Multicolor",2010
"Ames Manila Envelope, Security-Tint",2010
"Jiffy Mailers, with clear poly window",2005
"Belkin Mouse, Programmable",2005
"Hon Bag Chairs, Black",2003
"SanDisk Flash Drive, Programmable",2002
"Rogers Box, Wire Frame",2001
Logitech G602 Wireless Gaming Mouse,2000
"Okidata Phone, Red",1995
"GlobeWeis Mailers, with clear poly window",1995
"SanDisk Flash Drive, USB",1994
"Rubbermaid Door Stop, Durable",1994
"BIC Markers, Blue",1992
Adtran 1202752G1,1990
"Binney & Smith Pencil Sharpener, Fluorescent",1980
"Ativa D5772 2-Line 5.8GHz Digital Expandable Corded/Cordless Phone System with Answering & Caller ID/Call Waiting, Black/Silver",1980
"Global Value Mid-Back Manager's Chair, Gray",1979
"Deflect-O Door Stop, Durable",1976
"Green Bar Computer Printout Paper, 8.5 x 11",1975
"Fiskars Box Cutter, Steel",1974
"Cameo Mailers, Security-Tint",1968
"Tenex Clock, Erganomic",1962
"KitchenAid Coffee Grinder, White",1962
"StarTech Receipt Printer, Durable",1960
"Acme Box Cutter, High Speed",1956
Space Solutions Commercial Steel Shelving,1952
"Enermax Flash Drive, Bluetooth",1952
"Elite Box Cutter, Easy Grip",1949
Office Star Flex Back Scooter Chair with Aluminum Finish Frame,1948
Harmony Air Purifier,1948
"Kraft Manila Envelope, Security-Tint",1947
AT&T 1080 Corded phone,1944
"Belkin Flash Drive, Erganomic",1944
"Nokia Office Telephone, VoIP",1939
AT&T CL83451 4-Handset Telephone,1937
"Jiffy Business Envelopes, Recycled",1935
"Eldon Door Stop, Duo Pack",1935
"Rubbermaid Stacking Tray, Black",1931
Imation Secure+ Hardware Encrypted USB 2.0 Flash Drive; 16GB,1928
"Ames Mailers, Recycled",1927
"Kleencut Trimmer, High Speed",1926
"Deflect-O Stacking Tray, Erganomic",1925
"Motorola Office Telephone, with Caller ID",1924
"GlobeWeis Mailers, Set of 50",1923
"Cardinal Index Tab, Clear",1922
Logitech Mobile Speakerphone P710e - speaker phone,1917
"Deflect-O Photo Frame, Duo Pack",1917
"Stiletto Shears, Easy Grip",1916
"Fiskars Box Cutter, High Speed",1916
Plantronics Audio 995 Wireless Stereo Headset,1914
"O'Sullivan Elevations Bookcase, Cherry Finish",1912
"Kleencut Box Cutter, Steel",1912
"Tenex Box, Industrial",1910
"Sauder Camden County Collection Libraries, Planked Cherry Finish",1909
"Okidata Phone, Wireless",1906
"Binney & Smith Pens, Water Color",1906
Polycom SoundPoint Pro SE-225 Corded phone,1904
"Breville Coffee Grinder, Silver",1904
Bestar Classic Bookcase,1898
"Kraft Interoffice Envelope, Recycled",1894
"BIC Pens, Water Color",1894
"Advantus Photo Frame, Durable",1892
Novimex Fabric Task Chair,1890
NETGEAR N750 Dual Band Wi-Fi Gigabit Router,1890
Multicolor Computer Printout Paper,1888
"Rubbermaid Clock, Duo Pack",1885
"Memorex Mouse, Bluetooth",1882
"Elite Shears, High Speed",1882
"Stiletto Trimmer, High Speed",1879
Nortel Networks T7316 E Nt8 B27,1877
"Elite Shears, Steel",1875
"Sauder Forest Hills Library, Woodland Oak Finish",1874
"Acco Binder, Durable",1868
"Memorex Numeric Keypad, USB",1865
"Acme Scissors, Serrated",1859
"Recycled Data-Pak for Archival Bound Computer Printouts, 12-1/2 x 12-1/2 x 16",1857
"Enermax Cards & Envelopes, 8.5 x 11",1848
"Logitech Flash Drive, Programmable",1846
Office Star - Contemporary Task Swivel Chair,1842
"Cuisinart Blender, White",1841
"Wilson Jones Binder, Durable",1839
"Logitech Numeric Keypad, Bluetooth",1835
"Ames Mailers, Set of 50",1835
"Konica Phone, Durable",1831
"Padded Folding Chairs, Black, 4/Carton",1830
"Rubbermaid Clock, Black",1825
"Eaton Cards & Envelopes, Multicolor",1825
"Tenex Folders, Industrial",1822
"Jiffy Manila Envelope, with clear poly window",1818
"Bevis Coffee Table, Fully Assembled",1816
"StarTech Phone, Durable",1813
"Hamilton Beach Toaster, Silver",1811
"Ibico Index Tab, Clear",1808
"Eaton Note Cards, 8.5 x 11",1808
"Eldon Clock, Erganomic",1805
LG G3,1803
"Stiletto Trimmer, Easy Grip",1801
Logitech Wireless Performance Mouse MX for PC and Mac,1800
"Green Bar Cards & Envelopes, Recycled",1792
"Stiletto Letter Opener, Steel",1790
"Kraft Mailers, Set of 50",1790
"Bevis Coffee Table, Rectangular",1790
"Deflect-O Door Stop, Duo Pack",1788
Xerox 189,1782
"Cuisinart Toaster, Silver",1781
"Wilson Jones Binder Covers, Recycled",1776
Office Star Flex Back Scooter Chair with White Frame,1775
"Panasonic Calculator, White",1774
Bevis Steel Folding Chairs,1774
Belkin 5 Outlet SurgeMaster Power Centers,1774
"Jiffy Interoffice Envelope, with clear poly window",1773
Global Deluxe Steno Chair,1773
GE 2-Jack Phone Line Splitter,1771
Tennsco Regal Shelving Units,1764
Honeywell Quietcare HEPA Air Cleaner,1762
"Ibico 3-Hole Punch, Economy",1758
"Global Geo Office Task Chair, Gray",1758
"Enermax Cards & Envelopes, Multicolor",1756
"SanDisk Mouse, Bluetooth",1751
"Hon Conference Table, with Bottom Storage",1750
Global Low Back Tilter Chair,1748
"Advantus Door Stop, Duo Pack",1747
"Kraft Mailers, with clear poly window",1745
"SanDisk Mouse, Erganomic",1743
Xerox 1941,1742
"Stanley Pencil Sharpener, Easy-Erase",1739
AT&T TR1909W,1738
"GlobeWeis Manila Envelope, Security-Tint",1731
"Smead Folders, Wire Frame",1727
"Kraft Mailers, Security-Tint",1727
Jabra BIZ 2300 Duo QD Duo Corded Headset,1727
"Konica Calculator, Wireless",1724
"KitchenAid Toaster, Silver",1723
"Fellowes Box, Blue",1723
"Eldon Stacking Tray, Duo Pack",1723
First Data FD10 PIN Pad,1722
"Sanford Highlighters, Water Color",1719
"Eldon Photo Frame, Durable",1719
"Ibico Binder Covers, Clear",1718
Xerox 1908,1713
"Deflect-O Stacking Tray, Black",1713
"SanDisk Parchment Paper, Multicolor",1712
"Rogers Folders, Single Width",1711
"Stockwell Rubber Bands, Metal",1710
"Kraft Interoffice Envelope, with clear poly window",1709
"Smead Folders, Blue",1708
"Boston Highlighters, Easy-Erase",1708
"Sauder Facets Collection Locker/File Cabinet, Sky Alder Finish",1707
BoxOffice By Design Rectangular and Half-Moon Meeting Room Tables,1707
Kensington Orbit Wireless Mobile Trackball for PC and Mac,1704
Xerox 1945,1698
"Sanford Markers, Blue",1698
"Rogers Box, Industrial",1697
"Ames Mailers, with clear poly window",1695
"Acco Binder Covers, Clear",1694
Kensington Expert Mouse Optical USB Trackball for PC or Mac,1691
"Global Leather & Oak Executive Chair, Burgundy",1689
"Binney & Smith Highlighters, Fluorescent",1688
"Stiletto Shears, Serrated",1687
Hon Comfortask Task/Swivel Chairs,1687
Deflect-o DuraMat Antistatic Studded Beveled Mat for Medium Pile Carpeting,1686
ClearOne Communications CHAT 70 OC Speaker Phone,1686
Polycom CX300 Desktop Phone USB VoIP phone,1680
"Ames Mailers, Security-Tint",1680
"Xerox Computer Printout Paper, 8.5 x 11",1674
"Tenex Door Stop, Black",1674
"Eureka The Boss Plus 12-Amp Hard Box Upright Vacuum, Red",1674
"Advantus Stacking Tray, Durable",1672
Panasonic KX TS3282W Corded phone,1666
"Sanford Highlighters, Blue",1663
"Elite Shears, Serrated",1663
"Hon Conference Table, Fully Assembled",1661
"Logitech Flash Drive, Bluetooth",1654
"Acco Binder Covers, Economy",1652
"BIC Highlighters, Easy-Erase",1650
"Cameo Manila Envelope, Set of 50",1648
O'Sullivan Manor Hill 2-Door Library in Brianna Oak,1647
"Cameo Business Envelopes, Recycled",1646
"Avery Binder, Clear",1646
"Kraft Mailers, Recycled",1645
"SanDisk Mouse, Programmable",1644
Enermax Aurora Lite Keyboard,1641
"Stockwell Thumb Tacks, Bulk Pack",1640
"Eldon Stacking Tray, Durable",1640
"BIC Highlighters, Fluorescent",1640
"Ibico Binder Covers, Recycled",1639
"Howard Miller 14-1/2"" Diameter Chrome Round Wall Clock",1638
"Carina 42""Hx23 3/4""W Media Storage Unit",1636
"Advantus Door Stop, Durable",1636
"Acco Binder, Clear",1636
"Elite Trimmer, High Speed",1635
"Green Bar Message Books, 8.5 x 11",1634
"Eldon Photo Frame, Black",1634
Motorola Moto X,1632
"Deflect-o RollaMat Studded, Beveled Mat for Medium Pile Carpeting",1624
"Eaton Cards & Envelopes, 8.5 x 11",1624
"Barricks Round Table, Rectangular",1622
Panasonic KX MC6040 Color Laser Multifunction Printer,1620
Plantronics Audio 478 Stereo USB Headset,1620
"Hunt PowerHouse Electric Pencil Sharpener, Blue",1619
"Stanley Highlighters, Water Color",1617
Logitech G600 MMO Gaming Mouse,1616
"Boston Highlighters, Fluorescent",1616
"Cardinal Binder, Recycled",1615
AT&T 841000 Phone,1615
"Acme Scissors, Easy Grip",1614
"Ibico Binder, Durable",1612
"Boston Pens, Fluorescent",1611
"Cameo Manila Envelope, Security-Tint",1610
"SanDisk Cards & Envelopes, Multicolor",1608
"Fellowes Folders, Wire Frame",1606
"Acme Scissors, High Speed",1603
"Tenex Door Stop, Erganomic",1600
"Okidata Phone, Durable",1600
"Kleencut Shears, High Speed",1600
"Avery 3-Hole Punch, Economy",1600
"Kraft Business Envelopes, Recycled",1593
AT&T 1080 Phone,1590
"Iceberg Nesting Folding Chair, 19w x 6d x 43h",1589
"Ibico Binder Covers, Economy",1587
Mophie Juice Pack Helium for iPhone,1584
"Memorex Flash Drive, Bluetooth",1581
"Elite Box Cutter, High Speed",1579
Deflect-o Glass Clear Studded Chair Mats,1579
"Hamilton Beach Toaster, White",1578
"Stockwell Thumb Tacks, 12 Pack",1577
Microsoft Sculpt Comfort Mouse,1576
GBC ProClick Punch Binding System,1574
"Hon Metal Bookcases, Black",1570
Xerox 1919,1567
"Fiskars Trimmer, High Speed",1567
"Rogers Folders, Blue",1566
"Logitech Mouse, USB",1561
Cameo Buff Policy Envelopes,1555
"Ames Interoffice Envelope, Recycled",1555
"Xerox Message Books, 8.5 x 11",1554
"Rubbermaid Door Stop, Erganomic",1554
"Stockwell Clamps, Metal",1551
"Green Bar Memo Slips, 8.5 x 11",1549
"Stockwell Rubber Bands, Bulk Pack",1548
"Kleencut Box Cutter, Serrated",1548
"Avery Binder Covers, Durable",1547
Luxo Adjustable Task Clamp Lamp,1546
"Advantus Stacking Tray, Black",1545
"Sanford Highlighters, Easy-Erase",1544
"Xerox Computer Printout Paper, Recycled",1543
"Eaton Message Books, Recycled",1539
Avaya 5420 Digital phone,1539
"Eldon Folders, Wire Frame",1537
"Eldon Folders, Blue",1536
"Acme Box Cutter, Serrated",1535
"SanDisk Message Books, Premium",1526
"Memorex Flash Drive, Programmable",1525
Eureka Sanitaire  Commercial Upright,1524
"Hon Round Table, Fully Assembled",1518
"Fiskars Box Cutter, Easy Grip",1516
"Panasonic Phone, White",1515
"Avery Binder, Economy",1515
"Fellowes Box, Single Width",1507
"SanDisk Message Books, 8.5 x 11",1504
Harbour Creations 67200 Series Stacking Chairs,1501
LG G2,1500
"Hamilton Beach Toaster, Black",1499
"Tenex Box, Blue",1498
Microsoft Natural Keyboard Elite,1497
"Acco Binder Covers, Durable",1491
Sony Micro Vault Click 16 GB USB 2.0 Flash Drive,1490
"Panasonic Calculator, Wireless",1489
"Stanley Markers, Blue",1486
"Stockwell Push Pins, 12 Pack",1483
"Hamilton Beach Toaster, Red",1475
Hon 4-Shelf Metal Bookcases,1474
"Lesro Coffee Table, Rectangular",1473
Kensington 7 Outlet MasterPiece Power Center with Fax/Phone Line Protection,1473
"Kleencut Trimmer, Serrated",1473
"Bush Westfield Collection Bookcases, Fully Assembled",1472
"Avery Binder Covers, Recycled",1471
"Tenex ""The Solids"" Textured Chair Mats",1470
"SanDisk Flash Drive, Erganomic",1470
"Plantronics CS 50-USB - headset - Convertible, Monaural",1470
"Mini 13-1/2 Capacity Data Binder Rack, Pearl",1466
"Cameo Manila Envelope, Recycled",1464
"Smead Folders, Single Width",1461
"Acco Index Tab, Clear",1459
"Memorex Mouse, USB",1457
"Green Bar Parchment Paper, 8.5 x 11",1456
"Cardinal Binder, Clear",1456
"Cuisinart Toaster, White",1454
"Boston Pens, Blue",1454
"Global Leather Task Chair, Black",1449
"Fiskars Scissors, Steel",1447
"StarTech Phone, Red",1445
"SAFCO Commercial Wire Shelving, 72h",1445
"Cardinal Binder, Economy",1444
"Chromcraft Coffee Table, Rectangular",1442
"GlobeWeis Manila Envelope, Recycled",1441
Nokia Lumia 1020,1440
"Leather Task Chair, Black",1438
"Bush Andora Conference Table, Maple/Graphite Gray Finish",1436
Xerox 1893,1435
"OIC Clamps, Bulk Pack",1435
"Stiletto Scissors, Easy Grip",1434
"Green Bar Computer Printout Paper, Multicolor",1434
"Eaton Note Cards, Multicolor",1432
"Eldon Light Bulb, Duo Pack",1432
"Tenex Door Stop, Durable",1431
Eldon Antistatic Chair Mats for Low to Medium Pile Carpets,1431
"SanDisk Computer Printout Paper, Multicolor",1430
"GlobeWeis Manila Envelope, with clear poly window",1430
"Sauder Facets Collection Library, Sky Alder Finish",1428
"Bush Westfield Collection Bookcases, Medium Cherry Finish",1427
Fellowes Bankers Box Stor/Drawer Steel Plus,1426
"Stiletto Scissors, Steel",1425
Global Deluxe Office Fabric Chairs,1420
"Enermax Computer Printout Paper, 8.5 x 11",1419
"Acme Letter Opener, Serrated",1418
"Stockwell Rubber Bands, Assorted Sizes",1416
"Eaton Message Books, Multicolor",1416
"BIC Pens, Easy-Erase",1415
"Tenex Photo Frame, Durable",1414
"Deflect-O Photo Frame, Erganomic",1412
"Chromcraft Computer Table, Rectangular",1411
Logitech 910-002974 M325 Wireless Mouse for Web Scrolling,1410
Logitech Wireless Marathon Mouse M705,1410
"Acco Binder, Recycled",1410
"Hoover Coffee Grinder, Black",1409
"GlobeWeis Peel and Seal, with clear poly window",1405
"SanDisk Memo Slips, 8.5 x 11",1403
Logitech G500s Laser Gaming Mouse with Adjustable Weight Tuning,1400
"Belkin 19"" Vented Equipment Shelf, Black",1399
Hewlett-Packard Deskjet 6540 Color Inkjet Printer,1396
"Global Armless Task Chair, Royal Blue",1396
"Rubbermaid Light Bulb, Erganomic",1395
Avaya IP Phone 1140E VoIP phone,1395
"SanDisk Message Books, Multicolor",1393
Cisco CP-7937G Unified IP Conference Station Phone,1392
Cisco IP Phone 7961G VoIP phone - Dark gray,1387
"Memorex Mouse, Erganomic",1386
Samsung Rugby III,1385
"Enermax Message Books, Multicolor",1385
"Holmes Replacement Filter for HEPA Air Cleaner, Very Large Room, HEPA Filter",1384
Cisco SPA525G2 5-Line IP Phone,1380
"Cameo Manila Envelope, with clear poly window",1379
"Boston Highlighters, Blue",1379
"Belkin 325VA UPS Surge Protector, 6'",1379
"Advantus Paper Clips, Assorted Sizes",1379
"Belkin Flash Drive, Bluetooth",1376
"Advantus Clamps, Assorted Sizes",1376
"StarTech Calculator, Durable",1375
"GlobeWeis Interoffice Envelope, with clear poly window",1374
"Enermax Message Books, Recycled",1372
"StarTech Calculator, Wireless",1368
Sauder Camden County Collection Library,1368
"Xerox Computer Printout Paper, Multicolor",1367
"Chromcraft Coffee Table, with Bottom Storage",1367
"SanDisk Computer Printout Paper, Recycled",1365
"GlobeWeis Peel and Seal, Set of 50",1364
Safco Industrial Wire Shelving,1363
"Cuisinart Coffee Grinder, Black",1363
"Avery Binder, Durable",1361
Ames Color-File Green Diamond Border X-ray Mailers,1361
Airmail Envelopes,1360
Plantronics Voyager Pro Legend,1359
"Ibico Binder, Recycled",1359
"Cameo Mailers, Set of 50",1358
"Ibico Binder Covers, Durable",1357
"Stanley Highlighters, Fluorescent",1355
"Stanley Highlighters, Easy-Erase",1347
DYMO CardScan Personal V9 Business Card Scanner,1344
Novimex Turbo Task Chair,1341
Apple iPhone 5C,1340
AT&T 17929 Lendline Telephone,1339
"Kleencut Scissors, Steel",1335
Luxo Professional Combination Clamp-On Lamps,1331
"Deflect-O Stacking Tray, Durable",1331
"Wilson Jones Binder Covers, Durable",1329
"Cuisinart Coffee Grinder, Silver",1329
"Binney & Smith Pens, Blue",1328
"Howard Miller 13-3/4"" Diameter Brushed Chrome Round Wall Clock",1326
"Cardinal Binder Covers, Durable",1325
"Green Bar Parchment Paper, Recycled",1323
Xerox 1891,1322
"Tenex Traditional Chairmats for Medium Pile Carpet, Standard Lip, 36"" x 48""",1322
"Tenex Folders, Blue",1321
"Hon Metal Bookcases, Putty",1321
"Accos Clamps, Bulk Pack",1321
Honeywell Enviracaire Portable HEPA Air Cleaner for up to 10 x 16 Room,1320
"Kraft Manila Envelope, Set of 50",1319
Avery Arch Ring Binders,1318
"Avery Index Tab, Clear",1314
"Hoover Coffee Grinder, Silver",1313
Office Star - Ergonomically Designed Knee Chair,1312
Nokia Lumia 925,1310
"Cardinal Binder Covers, Economy",1309
"Stockwell Push Pins, Assorted Sizes",1308
"SanDisk Memo Slips, Premium",1306
"Xerox Note Cards, 8.5 x 11",1305
"Fiskars Letter Opener, High Speed",1305
Eldon Cleatmat Plus Chair Mats for High Pile Carpets,1305
"StarTech Calculator, White",1302
"Jiffy Interoffice Envelope, Security-Tint",1301
"Cardinal Binder, Durable",1298
"Smead Folders, Industrial",1296
"Hon 30"" x 60"" Table with Locking Drawer",1296
"Epson Calculator, Wireless",1295
"Stiletto Scissors, High Speed",1292
GBC Recycled Regency Composition Covers,1292
"Kleencut Scissors, Serrated",1289
Fellowes Recycled Storage Drawers,1288
Star Micronics TSP800 TSP847IIU Receipt Printer,1287
Panasonic KX TS208W Corded phone,1284
Tennsco Industrial Shelving,1283
White Computer Printout Paper by Universal,1279
"Ibico Binder, Clear",1277
"Enermax Computer Printout Paper, Recycled",1277
"Kraft Peel and Seal, Security-Tint",1273
"Acme Shears, Steel",1273
"Ames Peel and Seal, Recycled",1273
"Logitech Mouse, Erganomic",1270
Luxo Professional Magnifying Clamp-On Fluorescent Lamps,1269
"Hon Deluxe Fabric Upholstered Stacking Chairs, Squared Back",1269
"Breville Coffee Grinder, Red",1269
"Green Bar Message Books, Recycled",1268
"Fiskars Scissors, High Speed",1267
Tyvek Side-Opening Peel & Seel Expanding Envelopes,1266
Bush Somerset Collection Bookcase,1264
"Eaton Message Books, 8.5 x 11",1263
"Kleencut Letter Opener, High Speed",1262
"Stiletto Letter Opener, High Speed",1260
Panasonic KX T7736-B Digital phone,1260
"Stanley Pens, Water Color",1257
"Ames Interoffice Envelope, Set of 50",1256
"Stockwell Paper Clips, Bulk Pack",1253
"Accos Paper Clips, Assorted Sizes",1253
"Green Bar Note Cards, 8.5 x 11",1252
"Cameo Business Envelopes, Security-Tint",1251
"Stiletto Ruler, Easy Grip",1249
Logitech G430 Surround Sound Gaming Headset with Dolby 7.1 Technology,1248
"Sanford Pens, Fluorescent",1246
"Rubbermaid Door Stop, Black",1245
Tripp Lite Isotel 6 Outlet Surge Protector with Fax/Modem Protection,1244
Hon Valutask Swivel Chairs,1243
"SAFCO Mobile Desk Side File, Wire Frame",1241
"Stockwell Staples, Metal",1240
"Wilson Jones Binder, Recycled",1239
"Avery 4027 File Folder Labels for Dot Matrix Printers, 5000 Labels per Box, White",1233
Maxell 4.7GB DVD-R,1232
Hon 4060 Series Tables,1232
Xerox 1888,1231
"Ibico Binder, Economy",1231
Case Logic 2.4GHz Wireless Keyboard,1230
Blue Parrot B250XT Professional Grade Wireless Bluetooth Headset with,1230
"Xerox Note Cards, Recycled",1228
"Cuisinart Coffee Grinder, Red",1227
"Chromcraft Coffee Table, Fully Assembled",1226
Xerox 1917,1224
Plantronics Voyager Pro HD - Bluetooth Headset,1222
"Panasonic Phone, Wireless",1221
"Epson Calculator, Red",1221
Satellite Sectional Post Binders,1219
"Wilson Jones Ledger-Size, Piano-Hinge Binder, 2"", Blue",1218
"Stockwell Push Pins, Bulk Pack",1215
Epson TM-T88V Direct Thermal Printer - Monochrome - Desktop,1213
"Stiletto Box Cutter, High Speed",1211
"Stanley Highlighters, Blue",1208
"Sanford Pens, Easy-Erase",1207
APC 7 Outlet Network SurgeArrest Surge Protector,1205
"SanDisk Note Cards, 8.5 x 11",1204
"Konica Calculator, Red",1202
Eldon ClusterMat Chair Mat with Cordless Antistatic Protection,1201
"Boston Pens, Water Color",1199
"Kleencut Scissors, High Speed",1198
"Trav-L-File Heavy-Duty Shuttle II, Black",1195
"Stockwell Push Pins, Metal",1195
"Harbour Creations Removable Labels, Adjustable",1191
Fellowes Bankers Box Recycled Super Stor/Drawer,1189
"SanDisk Parchment Paper, Recycled",1188
"Tenex Box, Wire Frame",1185
"Howard Miller 11-1/2"" Diameter Ridgewood Wall Clock",1185
SanDisk Cruzer 64 GB USB Flash Drive,1184
"Boston Pens, Easy-Erase",1183
"Cardinal Index Tab, Economy",1181
GBC Therma-A-Bind 250T Electric Binding System,1180
"Fiskars Scissors, Easy Grip",1178
"Cameo Business Envelopes, Set of 50",1175
"Smead Removable Labels, Adjustable",1173
"Jiffy Peel and Seal, with clear poly window",1170
Boston Heavy-Duty Trimline Electric Pencil Sharpeners,1167
"Avery Binder, Recycled",1166
"Sanford Highlighters, Fluorescent",1160
"Rubbermaid Light Bulb, Durable",1160
"Elite Scissors, Steel",1160
"Stanley Pens, Easy-Erase",1156
"Stanley Pens, Blue",1155
LG Exalt,1155
Logitech K350 2.4Ghz Wireless Keyboard,1155
"OIC Rubber Bands, Bulk Pack",1154
"KitchenAid Coffee Grinder, Black",1147
"Green Bar Parchment Paper, Multicolor",1145
"Stockwell Thumb Tacks, Metal",1143
"Hon Coffee Table, Fully Assembled",1142
Logitech Illuminated - Keyboard,1140
Panasonic KX-TG6844B Expandable Digital Cordless Telephone,1136
"Jiffy Manila Envelope, Security-Tint",1136
"Avery Binder Covers, Clear",1133
"Stockwell Paper Clips, Metal",1132
"Acme Scissors, Steel",1132
"Cardinal Binder Covers, Recycled",1129
"Enermax Cards & Envelopes, Recycled",1128
"Eaton Computer Printout Paper, Recycled",1128
"Barricks Coffee Table, with Bottom Storage",1126
"Elite Box Cutter, Serrated",1125
"Memorex Flash Drive, Erganomic",1121
HTC One,1120
ClearSounds CSC500 Amplified Spirit Phone Corded phone,1120
O'Sullivan 3-Shelf Heavy-Duty Bookcases,1118
Advantus Rolling Drawer Organizers,1116
"Lesro Coffee Table, Fully Assembled",1115
"Deflect-o EconoMat Studded, No Bevel Mat for Low Pile Carpeting",1115
Dana Halogen Swing-Arm Architect Lamp,1115
"Kraft Peel and Seal, with clear poly window",1114
netTALK DUO VoIP Telephone Service,1113
"Hunt BOSTON Model 1606 High-Volume Electric Pencil Sharpener, Beige",1113
"BIC Pens, Fluorescent",1110
Hypercom P1300 Pinpad,1109
"KitchenAid Coffee Grinder, Silver",1105
"Eaton Computer Printout Paper, Multicolor",1105
"Cameo Peel and Seal, with clear poly window",1104
Ibico Laser Imprintable Binding System Covers,1103
Xerox 1988,1102
"Tenex Box, Single Width",1102
"Tenex Light Bulb, Erganomic",1102
"Jiffy Mailers, Set of 50",1102
"Avery Shipping Labels, 5000 Label Set",1102
"Logitech Flash Drive, Erganomic",1100
Ibico Plastic Spiral Binding Combs,1100
Xerox 1906,1099
Xerox 1934,1098
"Wilson Jones Binder, Economy",1097
"Eaton Premium Continuous-Feed Paper, 25% Cotton, Letter Size, White, 1000 Shts/Box",1097
"Acme Box Cutter, Steel",1097
"GlobeWeis Peel and Seal, Security-Tint",1091
Catalog Binders with Expanding Posts,1090
"Advantus Clock, Erganomic",1090
"Barricks 18"" x 48"" Non-Folding Utility Table with Bottom Storage Shelf",1089
Global Deluxe High-Back Office Chair in Storm,1088
Maxell LTO Ultrium - 800 GB,1087
RCA Visys Integrated PBX 8-Line Router,1086
"Eldon Box, Industrial",1080
"Hamilton Beach Coffee Grinder, Black",1077
"Kraft Manila Envelope, with clear poly window",1076
"Cameo Peel and Seal, Set of 50",1075
GBC Prestige Therm-A-Bind Covers,1074
Belkin 8 Outlet Surge Protector,1074
Recycled Steel Personal File for Standard File Folders,1073
"KitchenAid Blender, White",1073
Carina Media Storage Towers in Natural & Black,1073
Boston 1645 Deluxe Heavier-Duty Electric Pencil Sharpener,1073
O'Sullivan Cherrywood Estates Traditional Barrister Bookcase,1072
"Stockwell Thumb Tacks, Assorted Sizes",1071
"Jiffy Mailers, Recycled",1071
"SanDisk Memo Slips, Multicolor",1070
"File Shuttle II and Handi-File, Black",1070
AT&T 1070 Corded Phone,1070
"Xerox Memo Slips, 8.5 x 11",1069
"Cardinal Binder Covers, Clear",1069
"Hon Training Table, with Bottom Storage",1065
"Deflect-O Light Bulb, Erganomic",1065
"Sauder Camden County Barrister Bookcase, Planked Cherry Finish",1064
"Jiffy Peel and Seal, Recycled",1064
"Breville Toaster, White",1063
"Kraft Business Envelopes, Set of 50",1062
"Eaton Computer Printout Paper, Premium",1062
"Green Bar Message Books, Multicolor",1060
"Avery Color Coded Labels, Laser Printer Compatible",1060
"Tenex Stacking Tray, Black",1057
Recycled Steel Personal File for Hanging File Folders,1052
"Advantus 10-Drawer Portable Organizer, Chrome Metal Frame, Smoke Drawers",1052
"Epson Printer, Wireless",1050
"Boston Pencil Sharpener, Fluorescent",1050
"Ames Business Envelopes, Recycled",1050
"Howard Miller 13"" Diameter Pewter Finish Round Wall Clock",1049
"Cuisinart Toaster, Red",1048
"Xerox Computer Printout Paper, Premium",1043
"Rubbermaid Stacking Tray, Durable",1043
"Howard Miller 13"" Diameter Goldtone Round Wall Clock",1042
"Eureka The Boss Lite 10-Amp Upright Vacuum, Blue",1042
GBC Twin Loop Wire Binding Elements,1042
Balt Split Level Computer Training Table,1041
"Smead Box, Industrial",1040
Logitech G13 Programmable Gameboard with LCD Display,1040
"Elite Scissors, Serrated",1040
"Eldon Stacking Tray, Black",1040
"Binney & Smith Highlighters, Easy-Erase",1040
"Ibico Index Tab, Economy",1039
Star Micronics TSP100 TSP143LAN Receipt Printer,1036
"Avery Binder Covers, Economy",1034
"Green Bar Message Books, Premium",1033
Okidata B400 Printer,1029
"Ibico Hole Reinforcements, Recycled",1029
"Ames Manila Envelope, Set of 50",1028
"Stiletto Box Cutter, Serrated",1023
Hoover Commercial Lightweight Upright Vacuum with E-Z Empty Dirt Cup,1023
"Ames Peel and Seal, Set of 50",1023
"Enermax Parchment Paper, Premium",1019
"Snap-A-Way Black Print Carbonless Ruled Speed Letter, Triplicate",1017
"Sauder Forest Hills Library with Doors, Woodland Oak Finish",1015
"Eaton Memo Slips, Multicolor",1015
"Novimex Removable Labels, Adjustable",1013
"Tenex Contemporary Contur Chairmats for Low and Medium Pile Carpet, Computer, 39"" x 49""",1012
Imation 16GB Mini TravelDrive USB 2.0 Flash Drive,1009
WD My Passport Ultra 1TB Portable External Hard Drive,1008
"Canon Color ImageCLASS MF8580Cdw Wireless Laser All-In-One Printer, Copier, Scanner",1008
Bevis Rectangular Conference Tables,1007
"Acco Index Tab, Economy",1007
"Ames Peel and Seal, with clear poly window",1004
Tenex B1-RE Series Chair Mats for Low Pile Carpets,1003
"Eldon ""L"" Workstation Diamond Chairmat",1003
"Acme Ruler, High Speed",1002
Nortel Business Series Terminal T7208 Digital phone,1001
"Kraft Clasp Envelope, with clear poly window",997
"Eldon Stacking Tray, Erganomic",996
"Avery Legal Exhibit Labels, 5000 Label Set",994
"Accos Rubber Bands, Metal",991
"Advantus Light Bulb, Black",983
"BIC Pens, Blue",982
Home/Office Personal File Carts,981
"Sanford Pens, Blue",980
"Stockwell Rubber Bands, 12 Pack",977
"Acco Index Tab, Durable",977
"Stockwell Staples, Assorted Sizes",976
"Deflect-O Light Bulb, Black",976
"Ames Business Envelopes, Security-Tint",973
"Kleencut Ruler, Easy Grip",972
Xerox 1909,971
"Advantus Light Bulb, Durable",970
Global Italian Leather Office Chair,969
Hon Every-Day Chair Series Swivel Task Chairs,968
"Cuisinart Coffee Grinder, White",963
"Memorex Mouse, Programmable",961
"Enermax Computer Printout Paper, Premium",961
Xerox 1885,960
"Jiffy Manila Envelope, Set of 50",960
"GlobeWeis Peel and Seal, Recycled",960
"Binney & Smith Pens, Easy-Erase",959
"Elite Ruler, Steel",958
Xerox 1914,957
"Tenex Light Bulb, Black",955
"Gould Plastics 9-Pocket Panel Bin, 18-3/8w x 5-1/4d x 20-1/2h, Black",954
"Ames Peel and Seal, Security-Tint",953
"Wilson Jones Binder, Clear",952
Belkin Premiere Surge Master II 8-outlet surge protector,951
"Howard Miller 13-1/2"" Diameter Rosebrook Wall Clock",950
Eureka The Boss Cordless Rechargeable Stick Vac,949
"Kraft Peel and Seal, Set of 50",948
"Okidata Calculator, Wireless",945
"Novimex Shipping Labels, 5000 Label Set",944
"Green Bar Computer Printout Paper, Recycled",942
"Tenex Light Bulb, Durable",941
"Tyvek Interoffice Envelopes, 9 1/2"" x 12 1/2"", 100/Box",939
Tripp Lite TLP810NET Broadband Surge for Modem/Fax,938
Steel Personal Filing/Posting Tote,938
"Jiffy Peel and Seal, Security-Tint",937
"StarTech Receipt Printer, Red",936
"Sauder Mission Library with Doors, Fruitwood Finish",935
"Kraft Peel and Seal, Recycled",934
"Cameo Peel and Seal, Recycled",933
"Memorex Flash Drive, USB",932
"Eldon Light Bulb, Durable",932
"Green Bar Computer Printout Paper, Premium",931
"Fellowes Premier Superior Surge Suppressor, 10-Outlet, With Phone and Remote",931
"Eldon Light Bulb, Black",931
"Enermax Memo Slips, Premium",931
"Jiffy Business Envelopes, Security-Tint",930
"Stiletto Scissors, Serrated",929
"Ibico Hole Reinforcements, Economy",929
"Advantus Rubber Bands, Bulk Pack",929
"Accos Clamps, 12 Pack",929
SanDisk Ultra 64 GB MicroSDHC Class 10 Memory Card,928
GE 30522EE2,928
"Stockwell Staples, Bulk Pack",924
Novimex High-Tech Fabric Mesh Task Chair,923
"Wilson Jones Binder Covers, Economy",920
Riverside Furniture Stanwyck Manor Table Series,918
Ativa MDM8000 8-Sheet Micro-Cut Shredder,918
"Hon Shipping Labels, Laser Printer Compatible",917
"Elite Letter Opener, Steel",915
"Kleencut Scissors, Easy Grip",911
Cisco SPA508G,911
"White Dual Perf Computer Printout Paper, 2700 Sheets, 1 Part, Heavyweight, 20 lbs., 14 7/8 x 11",910
Plantronics Cordless Phone Headset with In-line Volume - M214C,909
"Smead Box, Blue",908
"Eldon Box, Single Width",906
LG Electronics Tone+ HBS-730 Bluetooth Headset,905
"Green Bar Memo Slips, Recycled",903
"Green Bar Memo Slips, Multicolor",902
"Global Stack Chair without Arms, Black",902
Vinyl Sectional Post Binders,900
Sony 64GB Class 10 Micro SDHC R40 Memory Card,900
Eldon Portable Mobile Manager,899
"Enermax Parchment Paper, 8.5 x 11",897
"Rubbermaid Clock, Durable",893
"OIC Clamps, 12 Pack",889
Imation Secure Drive + Hardware Encrypted USB flash drive - 16 GB,889
"Advantus Clamps, Bulk Pack",888
"Enermax Message Books, Premium",884
SanDisk Ultra 32 GB MicroSDHC Class 10 Memory Card,883
"Rubbermaid Light Bulb, Duo Pack",883
Cisco Small Business SPA 502G VoIP phone,882
Xerox 1883,881
"Safco Chair Connectors, 6/Carton",881
Xerox 1960,880
"Rubbermaid Light Bulb, Black",879
"Advantus Light Bulb, Duo Pack",879
"Hamilton Beach Coffee Grinder, White",876
"Enermax Message Books, 8.5 x 11",874
"Eldon Base for stackable storage shelf, platinum",873
"Boston School Pro Electric Pencil Sharpener, 1670",873
"Cameo Clasp Envelope, Security-Tint",871
"Cameo Peel and Seal, Security-Tint",869
"Jiffy Business Envelopes, Set of 50",867
Fellowes Superior 10 Outlet Split Surge Protector,867
Executive Impressions Supervisor Wall Clock,866
Xerox 1913,865
"Tenex Light Bulb, Duo Pack",860
Fellowes Bases and Tops For Staxonsteel/High-Stak Systems,859
"Safco Value Mate Series Steel Bookcases, Baked Enamel Finish on Steel, Gray",858
Green Bar Computer Printout Paper,858
"Advantus Light Bulb, Erganomic",856
"Ames Manila Envelope, with clear poly window",856
"Logitech Mouse, Programmable",855
"Smead Box, Single Width",854
"Hon Metal Bookcases, Gray",852
"Hon Removable Labels, Adjustable",851
"Harbour Creations Legal Exhibit Labels, Laser Printer Compatible",850
"Belkin 19"" Center-Weighted Shelf, Gray",850
"Advantus Clamps, 12 Pack",847
Panasonic Kx-TS550,846
"Kleencut Letter Opener, Steel",846
Plantronics 81402,845
GBC VeloBinder Manual Binding System,843
"Stockwell Staples, 12 Pack",842
"Wilson Jones Index Tab, Clear",841
"Accos Clamps, Metal",840
"Hamilton Beach Coffee Grinder, Silver",839
"Green Bar Parchment Paper, Premium",837
"Acme Ruler, Steel",837
"Wilson Jones Elliptical Ring 3 1/2"" Capacity Binders, 800 sheets",835
"Wilson Jones Index Tab, Economy",835
"Wilson Jones Binder Covers, Clear",834
Motorola HK250 Universal Bluetooth Headset,833
"Enermax Memo Slips, 8.5 x 11",833
"Eaton Message Books, Premium",833
"Advantus Rubber Bands, Metal",833
"Xerox Message Books, Recycled",832
Xerox 1916,831
"Hon Round Table, Adjustable Height",829
Balt Solid Wood Rectangular Table,828
Safco Industrial Shelving,827
"Bevis Coffee Table, with Bottom Storage",827
"Bush Birmingham Collection Bookcase, Dark Cherry",825
Tripp Lite Isotel 8 Ultra 8 Outlet Metal Surge,824
"Hamilton Beach Blender, White",824
"Advantus Employee of the Month Certificate Frame, 11 x 13-1/2",823
"Ames Manila Envelope, Recycled",822
"Okidata Calculator, Red",820
Global Chrome Stack Chair,816
"Smead Shipping Labels, Alphabetical",813
Kensington 6 Outlet MasterPiece HOMEOFFICE Power Control Center,812
"Kraft Manila Envelope, Recycled",810
"Harbour Creations Color Coded Labels, Laser Printer Compatible",809
"Binney & Smith Pens, Fluorescent",809
"Konica Calculator, White",808
"Xerox Parchment Paper, Multicolor",807
"SanDisk Computer Printout Paper, Premium",804
Grandstream GXP1160 VoIP phone,804
"Global Stack Chair with Arms, Black",804
"SanDisk Mouse, USB",803
"Safco Value Mate Steel Bookcase, Baked Enamel Finish on Steel, Black",803
"Eldon Folders, Single Width",803
"Eldon Box, Blue",803
"Enermax Parchment Paper, Multicolor",799
"Jiffy Peel and Seal, Set of 50",793
"Hon File Folder Labels, Alphabetical",792
Logitech MX Performance Wireless Mouse,791
"Cardinal Hole Reinforcements, Recycled",790
"Stanley Pens, Fluorescent",789
"Smead Color Coded Labels, Alphabetical",786
Howard Miller 12-3/4 Diameter Accuwave DS  Wall Clock,786
"Advantus Thumb Tacks, Bulk Pack",785
"Blue String-Tie & Button Interoffice Envelopes, 10 x 13",784
"Eldon Light Bulb, Erganomic",783
"Hon Color Coded Labels, Laser Printer Compatible",782
"Avery Legal Exhibit Labels, Laser Printer Compatible",782
"SanDisk Message Books, Recycled",781
"Eaton Parchment Paper, 8.5 x 11",781
JBL Micro Wireless Portable Bluetooth Speaker,780
GBC Premium Transparent Covers with Diagonal Lined Pattern,780
"Kraft Business Envelopes, Security-Tint",779
Logitech Desktop MK120 Mouse and keyboard Combo,777
"OIC Push Pins, Bulk Pack",776
Eldon Radial Chair Mat for Low to Medium Pile Carpets,776
Logitech Trackman Marble Mouse,774
"Konica Calculator, Durable",773
"Hon Legal Exhibit Labels, Alphabetical",770
Belkin F9G930V10-GRY 9 Outlet Surge,770
"Stiletto Ruler, High Speed",769
"Binney & Smith Highlighters, Blue",769
Xerox 191,768
"Xerox Message Books, Premium",767
"Advantus Push Pins, Assorted Sizes",766
"Advantus Rubber Bands, 12 Pack",765
"Tenex Carpeted, Granite-Look or Clear Contemporary Contour Shape Chair Mats",764
"Global Deluxe Stacking Chair, Gray",764
"GlobeWeis Business Envelopes, Set of 50",763
"SanDisk Parchment Paper, Premium",760
"OIC Push Pins, Assorted Sizes",760
Logitech G105 Gaming Keyboard,759
Fellowes 8 Outlet Superior Workstation Surge Protector,758
"Ibico Hole Reinforcements, Durable",756
Xerox 1951,755
Sauder Barrister Bookcases,755
AT&T CL2909,755
Premium Transparent Presentation Covers by GBC,754
"Enermax Computer Printout Paper, Multicolor",753
Clarity 53712,753
"Accos Clamps, Assorted Sizes",751
Ibico Recycled Linen-Style Covers,749
Bush Mission Pointe Library,749
"Wilson Jones Index Tab, Recycled",748
"Enermax Memo Slips, Multicolor",748
Plantronics Encore H101 Dual Earpieces Headset,747
Innergie mMini Combo Duo USB Travel Charging Kit,747
"GlobeWeis Business Envelopes, Security-Tint",745
Xerox 1943,744
"Harbour Creations File Folder Labels, Laser Printer Compatible",742
"Logitech B530 USB Headset - headset - Full size, Binaural",741
Belkin 8 Outlet SurgeMaster II Gold Surge Protector,738
"Xerox Memo Slips, Recycled",737
"Smead Shipping Labels, 5000 Label Set",735
"OIC Push Pins, 12 Pack",734
"Bush Cubix Collection Bookcases, Fully Assembled",729
RCA ViSYS 25825 Wireless digital phone,728
"OIC Clamps, Metal",725
O'Sullivan 2-Shelf Heavy-Duty Bookcases,724
"Fiskars Scissors, Serrated",724
Xerox 1964,723
Lexmark MarkNet N8150 Wireless Print Server,723
Memorex Mini Travel Drive 16 GB USB 2.0 Flash Drive,720
"Acco Hole Reinforcements, Durable",719
"Xerox Note Cards, Multicolor",718
"Accos Push Pins, Bulk Pack",714
Eldon Mobile Mega Data Cart  Mega Stackable  Add-On Trays,710
WD My Passport Ultra 500GB Portable External Hard Drive,708
Avaya 4621SW VoIP phone,708
SAFCO Folding Chair Trolley,706
Panasonic KP-380BK Classic Electric Pencil Sharpener,705
Lock-Up Easel 'Spel-Binder',705
Zebra GK420t Direct Thermal/Thermal Transfer Printer,704
"SanDisk Parchment Paper, 8.5 x 11",703
"Deflect-o EconoMat Nonstudded, No Bevel Mat",703
iHome FM Clock Radio with Lightning Dock,700
"Premium Transparent Presentation Covers, No Pattern/Clear, 8 1/2"" x 11""",698
"Ibico Index Tab, Durable",695
"Cardinal Index Tab, Durable",695
"Office Star - Contemporary Task Swivel chair with 2-way adjustable arms, Plum",694
Euro-Pro Shark Turbo Vacuum,694
"Avery Index Tab, Durable",694
"Hon Shipping Labels, Alphabetical",691
"Accos Push Pins, Assorted Sizes",691
"Sanford Pens, Water Color",690
OtterBox Defender Series Case - Samsung Galaxy S4,690
"Advantus Staples, Metal",690
Samsung Convoy 3,688
"OIC Thumb Tacks, Metal",687
"Metal Folding Chairs, Beige, 4/Carton",687
"Elite Scissors, Easy Grip",687
Tops White Computer Printout Paper,686
"Avery Shipping Labels, Laser Printer Compatible",685
Safco Steel Mobile File Cart,684
"OIC Paper Clips, 12 Pack",684
"Kleencut Ruler, High Speed",684
"Jiffy Manila Envelope, Recycled",682
"Elite Box Cutter, Steel",682
"Howard Miller 11-1/2"" Diameter Brentwood Wall Clock",681
Flat Face Poster Frame,680
"Avery File Folder Labels, Alphabetical",678
"Advantus Rubber Bands, Assorted Sizes",676
"Ames Business Envelopes, Set of 50",676
Holmes Harmony HEPA Air Purifier for 17 x 20 Room,675
"Deflect-o DuraMat Lighweight, Studded, Beveled Mat for Low Pile Carpeting",673
Hunt Boston Vacuum Mount KS Pencil Sharpener,672
Tuf-Vin Binders,670
"Bevis Training Table, with Bottom Storage",670
Binding Machine Supplies,668
"Advantus Clamps, Metal",668
"Hon Legal Exhibit Labels, 5000 Label Set",666
Fellowes Command Center 5-outlet power strip,666
"Hon Legal Exhibit Labels, Laser Printer Compatible",665
Fellowes 8 Outlet Superior Workstation Surge Protector w/o Phone/Fax/Modem Protection,665
"GlobeWeis Business Envelopes, Recycled",664
"Wilson Jones Index Tab, Durable",662
"GBC Velobind Prepunched Cover Sets, Regency Series",662
"Smead Legal Exhibit Labels, 5000 Label Set",660
Panasonic KX T7731-B Digital phone,660
"Harbour Creations Color Coded Labels, Adjustable",659
"Harbour Creations Color Coded Labels, Alphabetical",658
"Xerox Parchment Paper, Premium",657
Surelock Post Binders,655
Xerox 1886,653
Hon 61000 Series Interactive Training Tables,653
"Bush Westfield Collection Bookcases, Dark Cherry Finish",650
"Novimex Color Coded Labels, Laser Printer Compatible",648
Belkin 8 Outlet SurgeMaster II Gold Surge Protector with Phone Protection,648
"Eldon Box, Wire Frame",644
"Acme Letter Opener, High Speed",644
"Avery Color Coded Labels, 5000 Label Set",643
"Smead Legal Exhibit Labels, Laser Printer Compatible",639
Avery 485,639
Safco Drafting Table,638
"Hon Training Table, Rectangular",638
"SanDisk Memo Slips, Recycled",637
"Acco Hole Reinforcements, Recycled",637
"Computer Room Manger, 14""",636
"Accos Thumb Tacks, Assorted Sizes",636
"OIC Thumb Tacks, Assorted Sizes",635
"Strathmore #10 Envelopes, Ultimate White",632
Belkin 7 Outlet SurgeMaster II,631
"Tenex Stacking Tray, Durable",630
"GlobeWeis Clasp Envelope, Security-Tint",630
"Elite Scissors, High Speed",630
"Smead Box, Wire Frame",628
"Xerox Memo Slips, Premium",627
"Novimex Color Coded Labels, Alphabetical",626
"TRENDnet 56K USB 2.0 Phone, Internet and Fax Modem",625
Avaya 5410 Digital phone,625
"Advantus Paper Clips, Metal",625
Xerox 1880,624
"Advantus Thumb Tacks, 12 Pack",622
Plantronics MX500i Earset,619
"BOSTON Ranger #55 Pencil Sharpener, Black",619
Xerox 1882,617
"Xerox Parchment Paper, 8.5 x 11",616
Xerox 1940,616
"Hon Shipping Labels, Adjustable",616
"GlobeWeis Clasp Envelope, Set of 50",616
Eldon ProFile File 'N Store Portable File Tub Letter/Legal Size Black,614
"Harbour Creations Removable Labels, 5000 Label Set",613
"Tyvek  Top-Opening Peel & Seel  Envelopes, Gray",612
"Companion Letter/Legal File, Black",612
"Performers Binder/Pad Holder, Black",610
"OIC Staples, Bulk Pack",610
Motorola L804,608
"Stiletto Ruler, Serrated",607
"Hon Color Coded Labels, Alphabetical",606
"Eaton Parchment Paper, Premium",606
"Chromcraft Training Table, Fully Assembled",606
Xblue XB-1670-86 X16 Small Office Telephone - Titanium,605
Xerox 1911,605
Office Star - Task Chair with Contemporary Loop Arms,601
Lexmark 20R1285 X6650 Wireless All-in-One Printer,600
Anker Astro 15000mAh USB Portable Charger,600
"Wilson Jones Hole Reinforcements, Recycled",599
"OIC Rubber Bands, Metal",599
"Avery Index Tab, Economy",599
"Contico 72""H Heavy-Duty Storage System",598
"Accos Rubber Bands, Bulk Pack",598
Xerox 1942,597
Hewlett-Packard Deskjet 5550 Printer,597
Grandstream GXP2100 Mainstream Business Phone,597
"Eaton Memo Slips, Premium",596
"Avery Removable Labels, Alphabetical",595
"Harbour Creations Legal Exhibit Labels, 5000 Label Set",594
"Fiskars Ruler, Easy Grip",594
"Xerox Color Copier Paper, 11"" x 17"", Ream",593
"OIC Push Pins, Metal",593
"OIC Thumb Tacks, Bulk Pack",593
"Harbour Creations Legal Exhibit Labels, Alphabetical",593
Microsoft Wireless Mobile Mouse 4000,592
Panasonic KX TS3282B Corded phone,591
"Accos Staples, 12 Pack",591
"Novimex Legal Exhibit Labels, Laser Printer Compatible",590
"Novimex Color Coded Labels, 5000 Label Set",589
"Elite Ruler, Easy Grip",589
"Deflect-O Light Bulb, Duo Pack",588
"OIC Staples, Assorted Sizes",587
"Acco Hole Reinforcements, Economy",587
"Avery Legal Exhibit Labels, Adjustable",586
Wilson Jones Century Plastic Molded Ring Binders,585
"Wilson Jones Hole Reinforcements, Durable",585
Xerox 1910,585
"Accos Paper Clips, Metal",585
"Acme Ruler, Serrated",585
Sony Micro Vault Click 8 GB USB 2.0 Flash Drive,583
"Acme Ruler, Easy Grip",583
"Kleencut Box Cutter, Easy Grip",582
Fellowes Econo/Stor Drawers,582
"Accos Thumb Tacks, 12 Pack",582
"Dana Fluorescent Magnifying Lamp, White, 36""",581
"Novimex Shipping Labels, Adjustable",580
"Advantus Push Pins, Metal",579
"Accos Push Pins, Metal",578
Xerox 1991,577
"Howard Miller 16"" Diameter Gallery Wall Clock",576
Canon PC170 Desktop Personal Copier,576
Avery 477,575
Xerox 1944,574
Panasonic KP-150 Electric Pencil Sharpener,573
"Avery Shipping Labels, Alphabetical",573
"Accos Staples, Metal",573
PureGear Roll-On Screen Protector,572
"Tyvek  Top-Opening Peel & Seel Envelopes, Plain White",571
"Green Bar Memo Slips, Premium",571
First Data TMFD35 PIN Pad,571
"Advantus Thumb Tacks, Assorted Sizes",571
"Green Canvas Binder for 8-1/2"" x 14"" Sheets",568
"Acco Hole Reinforcements, Clear",567
Sanford 52201 APSCO Electric Pencil Sharpener,566
"Cameo Clasp Envelope, with clear poly window",565
Belkin F8E887 USB Wired Ergonomic Keyboard,564
Eldon Advantage Chair Mats for Low to Medium Pile Carpets,563
"GlobeWeis Business Envelopes, with clear poly window",562
"OIC Paper Clips, Metal",560
"Kleencut Ruler, Steel",560
"Cuisinart Toaster, Black",559
"Novimex Removable Labels, Laser Printer Compatible",558
Microsoft Natural Ergonomic Keyboard 4000,558
"Fiskars Letter Opener, Steel",558
Belkin F9M820V08 8 Outlet Surge,558
Memorex Micro Travel Drive 16 GB,557
"GlobeWeis Clasp Envelope, with clear poly window",557
"Hon Shipping Labels, 5000 Label Set",556
"Enermax Memo Slips, Recycled",555
"Xerox Message Books, Multicolor",554
Wilson Jones Heavy-Duty Casebound Ring Binders with Metal Hinges,554
"OIC Paper Clips, Bulk Pack",554
Jet-Pak Recycled Peel 'N' Seal Padded Mailers,553
"OIC Thumb Tacks, 12 Pack",552
Logitech Wireless Anywhere Mouse MX for PC and Mac,552
"Accos Paper Clips, Bulk Pack",552
12-1/2 Diameter Round Wall Clock,552
"Avery Removable Labels, Laser Printer Compatible",551
Kensington SlimBlade Notebook Wireless Mouse with Nano Receiver ,550
"Harbour Creations Legal Exhibit Labels, Adjustable",548
"Conquest 14 Commercial Heavy-Duty Upright Vacuum, Collection System, Accessory Kit",547
Panasonic Business Telephones KX-T7736,546
"Eldon Delta Triangular Chair Mat, 52"" x 58"", Clear",546
"Novimex Legal Exhibit Labels, 5000 Label Set",545
"Avery Trapezoid Ring Binder, 3"" Capacity, Black, 1040 sheets",545
Xerox 1884,544
I Need's 3d Hello Kitty Hybrid Silicone Case Cover for HTC One X 4g with 3d Hello Kitty Stylus Pen Green/pink,543
Memorex Mini Travel Drive 64 GB USB 2.0 Flash Drive,542
"Jiffy Clasp Envelope, with clear poly window",542
"OIC Rubber Bands, 12 Pack",541
O'Sullivan 5-Shelf Heavy-Duty Bookcases,541
"Avery Color Coded Labels, Alphabetical",541
Xerox 1935,539
"Cameo Clasp Envelope, Recycled",539
"Avery Hole Reinforcements, Recycled",537
"Accos Rubber Bands, 12 Pack",537
Tensor Computer Mounted Lamp,536
"Advantus Staples, Bulk Pack",536
Memorex Froggy Flash Drive 8 GB,535
"Cardinal Hole Reinforcements, Durable",535
Boston KS Multi-Size Manual Pencil Sharpener,534
Logitech ClearChat Comfort/USB Headset H390,533
"Hon File Folder Labels, 5000 Label Set",533
Wilson Jones Legal Size Ring Binders,532
"Harbour Creations Color Coded Labels, 5000 Label Set",532
Newell 334,531
Howard Miller Distant Time Traveler Alarm Clock,531
"Harbour Creations Shipping Labels, 5000 Label Set",531
"Novimex Shipping Labels, Laser Printer Compatible",529
Southworth 25% Cotton Premium Laser Paper and Envelopes,528
"Premier Elliptical Ring Binder, Black",527
"Eaton Memo Slips, 8.5 x 11",523
"Boston Electric Pencil Sharpener, Model 1818, Charcoal Black",523
"Wilson Jones Hole Reinforcements, Clear",522
Space Solutions Industrial Galvanized Steel Shelving.,520
"Decoflex Hanging Personal Folder File, Blue",520
Bevis Round Conference Room Tables and Bases,520
Alphabetical Labels for Top Tab Filing,520
Rogers Profile Extra Capacity Storage Tub,519
"Avery Removable Labels, 5000 Label Set",519
Xerox 1889,517
"Tenex Personal Project File with Scoop Front Design, Black",517
Cisco SPA112 2 Port Phone Adapter,517
Belkin F9H710-06 7 Outlet SurgeMaster Surge Protector,517
Nokia Lumia 521 (T-Mobile),516
"Novimex File Folder Labels, Laser Printer Compatible",516
Bionaire Personal Warm Mist Humidifier/Vaporizer,516
"OIC Staples, Metal",515
Xerox 1887,513
"C-Line Cubicle Keepers Polyproplyene Holder w/Velcro Back, 8-1/2x11, 25/Bx",513
DAX Natural Wood-Tone Poster Frame,513
Newell 319,512
"DataProducts Ampli Magnifier Task Lamp, Black,",508
"Hon Round Labels, Laser Printer Compatible",507
Socket Bluetooth Cordless Hand Scanner (CHS),506
Deluxe Heavy-Duty Vinyl Round Ring Binder,505
Logitech Media Keyboard K200,504
"Maxell 74 Minute CD-R Spindle, 50/Pack",504
Xerox 197,502
"Howard Miller 11-1/2"" Diameter Grantwood Wall Clock",501
"Avery Legal Exhibit Labels, Alphabetical",501
Xerox 1937,500
"Fiskars Ruler, Serrated",500
Anker Ultra-Slim Mini Bluetooth 3.0 Wireless Keyboard,500
"Accos Rubber Bands, Assorted Sizes",499
"Advantus Paper Clips, Bulk Pack",498
GBC VeloBinder Electric Binding Machine,497
Jensen SMPS-640 - speaker phone,496
"Ibico Hole Reinforcements, Clear",496
GE DSL Phone Line Filter,496
Belkin QODE FastFit Bluetooth Keyboard,496
"BOSTON Model 1800 Electric Pencil Sharpeners, Putty/Woodgrain",496
"Advantus Push Pins, 12 Pack",496
"Avery Hole Reinforcements, Durable",495
"OIC Rubber Bands, Assorted Sizes",494
Samsung HM1900 Bluetooth Headset,493
"Novimex Shipping Labels, Alphabetical",493
"Hon Color Coded Labels, 5000 Label Set",492
Anker Ultrathin Bluetooth Wireless Keyboard Aluminum Cover with Stand ,492
"Avery Color Coded Labels, Adjustable",492
"Accos Thumb Tacks, Bulk Pack",491
"Elite Ruler, High Speed",490
Xerox 1925,489
Rush Hierlooms Collection Rich Wood Bookcases,489
"#10 White Business Envelopes,4 1/8 x 9 1/2",489
GBC Recycled VeloBinder Covers,488
Clearsounds A400,488
24-Hour Round Wall Clock,488
"Eaton Memo Slips, Recycled",487
"Smead Color Coded Labels, 5000 Label Set",486
"Novimex Color Coded Labels, Adjustable",486
Safco Commercial Shelving,484
"Sortfiler Multipurpose Personal File Organizer, Black",482
"Kraft Clasp Envelope, Set of 50",481
Fellowes Neat Ideas Storage Cubes,481
AT&T CL82213,481
NeatDesk Desktop Scanner & Digital Filing System,480
Cherry 142-key Programmable Keyboard,480
Newell 345,479
"Howard Miller 12"" Round Wall Clock",479
"iKross Bluetooth Portable Keyboard + Cell Phone Stand Holder + Brush for Apple iPhone 5S 5C 5, 4S 4",479
Kingston Digital DataTraveler 16GB USB 2.0,479
"Hon Color Coded Labels, Adjustable",479
Fellowes Super Stor/Drawer,478
"Avery Shipping Labels, Adjustable",477
"Elite Ruler, Serrated",476
DAX Wood Document Frame,476
AT&T SB67148 SynJ,476
"Memorex 25GB 6X Branded Blu-Ray Recordable Disc, 30/Pack",473
"Harbour Creations Removable Labels, Laser Printer Compatible",473
"Smead File Folder Labels, 5000 Label Set",472
"Kleencut Ruler, Serrated",470
"Tenex V2T-RE Standard Weight Series Chair Mat, 45"" x 53"", Lip 25"" x 12""",469
Tenex Chairmats For Use with Hard Floors,468
Jackery Bar Premium Fast-charging Portable Charger,468
Imation 32GB Pocket Pro USB 3.0 Flash Drive - 32 GB - Black - 1 P ...,468
"Hon Removable Labels, Laser Printer Compatible",468
Enermax Briskie RF Wireless Keyboard and Mouse Combo,468
Dexim XPower Skin Super-Thin Power Case for iPhone 5 - Black,468
"Seth Thomas 14"" Day/Date Wall Clock",467
GBC Recycled Grain Textured Covers,467
Ricoh - Ink Collector Unit for GX3000 Series Printers,466
GBC Standard Therm-A-Bind Covers,466
"Epson Calculator, White",466
"Smead Color Coded Labels, Laser Printer Compatible",465
"Avery Hole Reinforcements, Economy",465
Belkin F5C206VTEL 6 Outlet Surge,465
Electrix Fluorescent Magnifier Lamps & Weighted Base,464
V7 USB Numeric Keypad,462
Newell 34,462
"Global Task Chair, Black",462
"Personal Filing Tote with Lid, Black/Gray",461
"Acme Hot Forged Carbon Steel Scissors with Nickel-Plated Handles, 3 7/8"" Cut, 8""L",460
"IBM Multi-Purpose Copy Paper, 8 1/2 x 11"", Case",459
"Smead Legal Exhibit Labels, Alphabetical",458
"Hon Legal Exhibit Labels, Adjustable",457
Acco Perma 4000 Stacking Storage Drawers,457
Xerox 1881,455
DAX Black Cherry Wood-Tone Poster Frame,455
9-3/4 Diameter Round Wall Clock,455
"Fiskars Ruler, High Speed",454
Panasonic KX - TS880B Telephone,453
"Acco Smartsocket Table Surge Protector, 6 Color-Coded Adapter Outlets",453
Poly Designer Cover & Back,452
"Accos Staples, Assorted Sizes",452
"Novimex Removable Labels, 5000 Label Set",450
Mobile Personal File Cube,450
"HP Officejet Pro 8600 e-All-In-One Printer, Copier, Scanner, Fax",450
"Acme 10"" Easy Grip Assistive Scissors",449
Hewlett-Packard Deskjet D4360 Printer,448
Acco Smartsocket Color-Coded Six-Outlet AC Adapter Model Surge Protectors,448
"Cardinal Hole Reinforcements, Clear",447
"Novimex File Folder Labels, Alphabetical",446
"Eaton Parchment Paper, Multicolor",445
Rogers Deluxe File Chest,444
Imation Clip USB flash drive - 8 GB,444
"Cardinal Hole Reinforcements, Economy",444
Boston 16801 Nautilus Battery Pencil Sharpener,444
Xerox 194,443
"Smead Round Labels, Laser Printer Compatible",442
"Seth Thomas 16"" Steel Case Clock",442
"Novimex Round Labels, 5000 Label Set",442
invisibleSHIELD by ZAGG Smudge-Free Screen Protector,442
"Hon Round Labels, 5000 Label Set",442
"Epson Calculator, Durable",442
"Avery Removable Labels, Adjustable",441
"Smead File Folder Labels, Adjustable",440
Micro Innovations USB RF Wireless Keyboard with Mouse,440
"Deflect-o SuperTray Unbreakable Stackable Tray, Letter, Black",438
Prismacolor Color Pencil Set,437
"Harbour Creations Shipping Labels, Adjustable",437
Fellowes Basic Home/Office Series Surge Protectors,437
"Stiletto Ruler, Steel",436
"Floodlight Indoor Halogen Bulbs, 1 Bulb per Pack, 60 Watts",436
"GBC Prepunched Paper, 19-Hole, for Binding Systems, 24-lb",434
Acco 6 Outlet Guardian Premium Surge Suppressor,433
"Dixon Ticonderoga Core-Lock Colored Pencils, 48-Color Set",431
"Hon File Folder Labels, Laser Printer Compatible",430
Cisco SPA525G2 IP Phone - Wireless,428
Advantus Rolling Storage Box,427
O'Sullivan Cherrywood Estates Traditional Bookcase,425
Canvas Sectional Post Binders,423
"Advantus Thumb Tacks, Metal",423
"Enermax Parchment Paper, Recycled",422
14-7/8 x 11 Blue Bar Computer Printout Paper,422
Round Specialty Laser Printer Labels,421
"Perixx PERIBOARD-512B, Ergonomic Split Keyboard",420
Motorla HX550 Universal Bluetooth Headset,420
"Harbour Creations Round Labels, 5000 Label Set",419
Xerox 1939,418
"Novimex Legal Exhibit Labels, Alphabetical",417
Xerox 19,415
i.Sound Portable Power - 8000 mAh,414
"Advantus Staples, 12 Pack",412
"Wilson Jones Hole Reinforcements, Economy",411
"Smead Shipping Labels, Laser Printer Compatible",411
"Acco Flexible ACCOHIDE Square Ring Data Binder, Dark Blue, 11 1/2"" X 14"" 7/8""",411
"Eaton Parchment Paper, Recycled",410
Nu-Dell Executive Frame,409
"Tennsco Lockers, Sand",408
"OIC Paper Clips, Assorted Sizes",408
Kensington 6 Outlet Guardian Standard Surge Protector,408
"Ames Clasp Envelope, with clear poly window",408
"TOPS Carbonless Receipt Book, Four 2-3/4 x 7-1/4 Money Receipts per Page",407
"Safco Wire Cube Shelving System, For Use as 4 or 5 14"" Cubes, Black",407
Computer Printout Paper with Letter-Trim Perforations,407
"Avery Hole Reinforcements, Clear",407
"Advantus Push Pins, Bulk Pack",407
"Cameo Clasp Envelope, Set of 50",406
"Boston Model 1800 Electric Pencil Sharpener, Gray",406
"Tennsco Lockers, Gray",403
Model L Table or Wall-Mount Pencil Sharpener,403
"Ames Clasp Envelope, Security-Tint",401
"Atlantic Metals Mobile 2-Shelf Bookcases, Custom Colors",400
"Harbour Creations Round Labels, Alphabetical",398
Lexmark X 9575 Professional All-in-One Color Printer,396
Griffin GC17055 Auxiliary Audio Cable,396
"Harbour Creations Shipping Labels, Laser Printer Compatible",394
"Seth Thomas 12"" Clock w/ Goldtone Case",391
Ibico Standard Transparent Covers,390
Boston 1799 Powerhouse Electric Pencil Sharpener,390
Logitech Wireless Headset H600 Over-The-Head Design,387
"XtraLife ClearVue Slant-D Ring Binder, White, 3""",386
Cisco Desktop Collaboration Experience DX650 IP Video Phone,386
OtterBox Commuter Series Case - Samsung Galaxy S4,385
Fellowes Advanced Computer Series Surge Protectors,385
"Logitech Wireless Boombox Speaker - portable - wireless, wired",383
"Harbour Creations File Folder Labels, 5000 Label Set",381
"Avery File Folder Labels, 5000 Label Set",381
Memorex Micro Travel Drive 32 GB,380
"Harbour Creations Round Labels, Laser Printer Compatible",380
Eldon Advantage Foldable Chair Mats for Low Pile Carpets,379
Clear Mylar Reinforcing Strips,379
AT&T EL51110 DECT,378
"Executive Impressions 14""",377
Globe Weis Peel & Seel First Class Envelopes,376
Tennsco Commercial Shelving,375
"Novimex File Folder Labels, 5000 Label Set",375
"Maxell Pro 80 Minute CD-R, 10/Pack",374
"Memorex 25GB 6X Branded Blu-Ray Recordable Disc, 15/Pack",374
Acco Perma 3000 Stacking Storage Drawers,374
Avery 505,373
"Accos Push Pins, 12 Pack",373
"OIC Staples, 12 Pack",372
"Smead Legal Exhibit Labels, Adjustable",371
"Multi-Use Personal File Cart and Caster Set, Three Stacking Bins",370
GBC Durable Plastic Covers,370
36X48 HARDFLOOR CHAIRMAT,370
Lenovo 17-Key USB Numeric Keypad,367
Logitech Wireless Touch Keyboard K400,365
SanDisk Cruzer 32 GB USB Flash Drive,361
KeyTronic 6101 Series - Keyboard - Black,361
"Eldon Executive Woodline II Desk Accessories, Mahogany",361
Microsoft Arc Touch Mouse,360
"Deflect-O Light Bulb, Durable",359
"Seth Thomas 14"" Putty-Colored Wall Clock",358
"Novimex Round Labels, Laser Printer Compatible",358
Holmes Odor Grabber,358
Kingston Digital DataTraveler 32GB USB 2.0,357
Imation 8gb Micro Traveldrive Usb 2.0 Flash Drive,357
"Harbour Creations Shipping Labels, Alphabetical",357
"Smead File Folder Labels, Alphabetical",355
"OIC Clamps, Assorted Sizes",355
Pizazz Global Quick File,354
Aluminum Screw Posts,354
"Accos Thumb Tacks, Metal",353
Xerox 1929,352
I.R.I.S IRISCard Anywhere 5 Card Scanner,351
Imation 8GB Mini TravelDrive USB 2.0 Flash Drive,351
Eldon Gobal File Keepers,347
"Advantus Staples, Assorted Sizes",347
Trimflex Flexible Post Binders,346
"SimpliFile Personal File, Black Granite, 15w x 6-15/16d x 11-1/4h",346
"Executive Impressions 14"" Contract Wall Clock",346
Eldon Simplefile Box Office,346
Fellowes Mighty 8 Compact Surge Protector,345
"GlobeWeis Clasp Envelope, Recycled",345
2300 Heavy-Duty Transfer File Systems by Perma,345
"Harbour Creations File Folder Labels, Adjustable",344
Eldon Cleatmat Chair Mats for Medium Pile Carpets,344
Sterilite Officeware Hinged File Box,343
Tops Green Bar Computer Printout Paper,343
GBC VeloBind Cover Sets,343
"Acco Six-Outlet Power Strip, 4' Cord Length",343
"Kraft Clasp Envelope, Security-Tint",342
"Brother MFC-9340CDW LED All-In-One Printer, Copier Scanner",342
Letter Size File,341
Classic Ivory Antique Telephone ZL1810,341
Boston 19500 Mighty Mite Electric Pencil Sharpener,341
"Tenex File Box, Personal Filing Tote with Lid, Black",340
Luxo Economy Swing Arm Lamp,340
"Fiskars Ruler, Steel",340
Anker 36W 4-Port USB Wall Charger Travel Power Adapter for iPhone 5s 5c 5,340
"White Business Envelopes with Contemporary Seam, Recycled White Business Envelopes",338
"Smead File Folder Labels, Laser Printer Compatible",338
Wasp CCD Handheld Bar Code Reader,337
"BlueLounge Milo Smartphone Stand, White/Metallic",336
"Square Ring Data Binders, Rigid 75 Pt. Covers, 11"" x 14-7/8""",335
"Contract Clock, 14"", Brown",335
Xerox 226,334
Holmes 99% HEPA Air Purifier,334
Eldon Econocleat Chair Mats for Low Pile Carpets,331
Bulldog Vacuum Base Pencil Sharpener,331
SanDisk Ultra 16 GB MicroSDHC Class 10 Memory Card,330
Xerox 1979,329
"Smead Shipping Labels, Adjustable",327
"Smead Removable Labels, Laser Printer Compatible",327
"Avery Round Labels, Laser Printer Compatible",327
Multimedia Mailers,326
RCA ViSYS 25425RE1 Corded phone,324
KeyTronic E03601U1 - Keyboard - Beige,324
Sauder Cornerstone Collection Library,322
Personal Creations Ink Jet Cards and Labels,322
Kensington K72356US Mouse-in-a-Box USB Desktop Mouse,322
"White Envelopes, White Envelopes with Clear Poly Window",320
Konica Minolta magicolor 1690MF Multifunction Printer,320
"Harbour Creations File Folder Labels, Alphabetical",320
X-Rack File for Hanging Folders,319
"Rogers Jumbo File, Granite",319
"Seth Thomas 13 1/2"" Wall Clock",316
"Executive Impressions 13"" Clairmont Wall Clock",316
"Avery Trapezoid Extra Heavy Duty 4"" Binders",315
"Ames Clasp Envelope, Set of 50",315
"Hon Removable Labels, 5000 Label Set",312
"GBC Pre-Punched Binding Paper, Plastic, White, 8-1/2"" x 11""",311
"Executive Impressions 14"" Two-Color Numerals Wall Clock",310
Recycled Easel Ring Binders,309
"Hon Round Labels, Alphabetical",308
Fiskars Softgrip Scissors,308
Acme Box Cutter Scissors,306
3M Replacement Filter for Office Air Cleaner for 20' x 33' Room,304
"Smead Removable Labels, 5000 Label Set",303
Eldon Fold 'N Roll Cart System,302
Eldon Shelf Savers Cubes and Bins,301
Tensor Track Tree Floor Lamp,300
Lexmark S315 Color Inkjet Printer,300
Memorex Micro Travel Drive 8 GB,299
Honeywell Enviracaire Portable Air Cleaner for up to 8 x 10 Room,299
Coloredge Poster Frame,299
Boston Home & Office Model 2000 Electric Pencil Sharpeners,298
"Vinyl Coated Wire Paper Clips in Organizer Box, 800/Box",296
Maxell DVD-RAM Discs,296
Xerox 1933,295
Stanley Contemporary Battery Pencil Sharpeners,294
Micropad Numeric Keypads,292
"Accos Staples, Bulk Pack",292
"DAX Contemporary Wood Frame with Silver Metal Mat, Desktop, 11 x 14 Size",291
"Avery Round Labels, Alphabetical",291
Peel-Off China Markers,289
Acco 6 Outlet Guardian Premium Plus Surge Suppressor,289
"Acco Data Flex Cable Posts For Top & Bottom Load Binders, 6"" Capacity",287
OtterBox Commuter Series Case - iPhone 5 & 5s,286
"Fellowes Personal Hanging Folder Files, Navy",285
"#10- 4 1/8"" x 9 1/2"" Recycled Envelopes",285
"Iris 3-Drawer Stacking Bin, Black",284
Embossed Ink Jet Note Cards,284
"REDIFORM Incoming/Outgoing Call Register, 11"" X 8 1/2"", 100 Messages",282
Lunatik TT5L-002 Taktik Strike Impact Protection System for iPhone 5,282
"Tenex Personal Filing Tote With Secure Closure Lid, Black/Frost",281
Storex Dura Pro Binders,281
"Novimex File Folder Labels, Adjustable",281
"Jiffy Clasp Envelope, Security-Tint",281
Westinghouse Clip-On Gooseneck Lamps,280
Memorex Mini Travel Drive 32 GB USB 2.0 Flash Drive,280
"Epson WorkForce WF-2530 All-in-One Printer, Copier Scanner",280
Xerox 1898,279
Macally Suction Cup Mount,279
Acme Forged Steel Scissors with Black Enamel Handles,279
"Smead Round Labels, 5000 Label Set",278
"Avery Address/Shipping Labels for Typewriters, 4"" x 2""",278
Large Capacity Hanging Post Binders,277
Belkin 8-Outlet Premiere SurgeMaster II Surge Protectors,277
"Neat Ideas Personal Hanging Folder Files, Black",276
HP Standard 104 key PS/2 Keyboard,276
Stanley Bostitch Contemporary Electric Pencil Sharpeners,275
Seidio BD2-HK3IPH5-BK DILEX Case and Holster Combo for Apple iPhone 5/5s - Black,274
Advantus Panel Wall Certificate Holder - 8.5x11,272
Fellowes Binding Cases,271
"Xerox Memo Slips, Multicolor",270
"Recycled Desk Saver Line ""While You Were Out"" Book, 5 1/2"" X 4""",270
Adjustable Personal File Tote,270
Plastic Binding Combs,269
"GBC White Gloss Covers, Plain Front",269
Xerox 1938,268
"GBC Twin Loop Wire Binding Elements, 9/16"" Spine, Black",268
Eldon Wave Desk Accessories,267
Ultra Door Pull Handle,266
Belkin Standard 104 key USB Keyboard,266
Belkin F9S820V06 8 Outlet Surge,266
"Avery Round Labels, 5000 Label Set",266
"Smead Color Coded Labels, Adjustable",265
"Peel & Seel Recycled Catalog Envelopes, Brown",265
"Kraft Clasp Envelope, Recycled",265
"Jiffy Clasp Envelope, Recycled",265
Avery 475,265
Newell 324,264
"LF Elite 3D Dazzle Designer Hard Case Cover, Lf Stylus Pen and Wiper For Apple Iphone 5c Mini Lite",264
Maxell 4.7GB DVD+RW 3/Pack,264
"Avery File Folder Labels, Adjustable",264
"Southworth 100% Résumé Paper, 24lb.",263
"Eldon Expressions Desk Accessory, Wood Photo Frame, Mahogany",263
Belkin 6 Outlet Metallic Surge Strip,263
File Shuttle I and Handi-File,262
"Recycled Interoffice Envelopes with String and Button Closure, 10 x 13",260
Hand-Finished Solid Wood Document Frame,260
3M Office Air Cleaner,260
"Executive Impressions 10"" Spectator Wall Clock",259
Desktop 3-Pocket Hot File,259
Mediabridge Sport Armband iPhone 5s,258
"GBC Standard Recycled Report Covers, Clear Plastic Sheets",258
Avery Legal 4-Ring Binder,258
"Avery Round Labels, Adjustable",257
GBC Poly Designer Binding Covers,256
"Linden 10"" Round Wall Clock, Black",255
"Hon File Folder Labels, Adjustable",255
Berol Giant Pencil Sharpener,255
"Hon Round Labels, Adjustable",254
"Executive Impressions 13"" Chairman Wall Clock",254
Sony 32GB Class 10 Micro SDHC R40 Memory Card,252
Magnifier Swing Arm Lamp,252
Apple EarPods with Remote and Mic,252
Sony Micro Vault Click 4 GB USB 2.0 Flash Drive,251
Hanging Personal Folder File,251
Avery 473,249
"Wirebound Message Books, Four 2 3/4"" x 5"" Forms per Page, 600 Sets per Book",248
"Verbatim 25 GB 6x Blu-ray Single Layer Recordable Disc, 25/Pack",248
"Novimex Round Labels, Alphabetical",248
Belkin OmniView SE Rackmount Kit,248
Nu-Dell Leatherette Frames,247
Strathmore Photo Mount Cards,246
SAFCO Optional Arm Kit for Workspace Cribbage Stacking Chair,246
Xerox 1890,245
Brown Kraft Recycled Envelopes,245
Fellowes Advanced 8 Outlet Surge Suppressor with Phone/Fax Protection,244
Aluminum Document Frame,243
GBC Imprintable Covers,242
Quality Park Security Envelopes,241
RCA H5401RE1 DECT 6.0 4-Line Cordless Handset With Caller ID/Call Waiting,240
Logitech M510 Wireless Mouse,240
Holmes HEPA Air Purifier,240
"Belkin SportFit Armband For iPhone 5s/5c, Fuchsia",240
"Avery Flip-Chart Easel Binder, Black",240
Xerox 1982,238
Xerox 216,238
Martin-Yale Premier Letter Opener,238
Wilson Jones Leather-Like Binders with DublLock Round Rings,237
Recycled Eldon Regeneration Jumbo File,237
Avery 50,236
Newell 312,235
"Xerox Parchment Paper, Recycled",234
Spigen Samsung Galaxy S5 Case Wallet,234
Panasonic KP-4ABK Battery-Operated Pencil Sharpener,234
DAX Two-Tone Silver Metal Document Frame,234
Acco D-Ring Binder w/DublLock,234
Petty Cash Envelope,232
"Maxell 74 Minute CDR, 10/Pack",232
"Tenex Personal Self-Stacking Standard File Box, Black/Gray",231
Dixon Ticonderoga Core-Lock Colored Pencils,230
Black & Decker Filter for Double Action Dustbuster Cordless Vac BLDV7210,230
Advantus Motivational Note Cards,228
"Adams Phone Message Book, 200 Message Capacity, 8 1/16” x 11”",227
Portable Personal File Box,226
Iris Project Case,226
Cisco 8961 IP Phone Charcoal,225
Advantus Plastic Paper Clips,225
iOttie XL Car Mount,224
"Adams Telephone Message Book w/Frequently-Called Numbers Space, 400 Messages per Book",224
"Novimex Legal Exhibit Labels, Adjustable",222
"Avery Hi-Liter EverBold Pen Style Fluorescent Highlighters, 4/Pack",220
"Letter/Legal File Tote with Clear Snap-On Lid, Black Granite",218
ARKON Windshield Dashboard Air Vent Car Mount Holder,218
Avery Non-Stick Binders,218
"Wirebound Message Books, Four 2 3/4 x 5 White Forms per Page",217
iOttie HLCRIO102 Car Mount,216
"Fiskars 8"" Scissors, 2/Pack",216
DXL Angle-View Binders with Locking Rings by Samsill,216
3M Polarizing Light Filter Sleeves,216
"DAX Two-Tone Rosewood/Black Document Frame, Desktop, 5 x 7",214
Xerox 214,213
Wilson Jones Turn Tabs Binder Tool for Ring Binders,213
GBC Wire Binding Strips,213
Cisco SPA 501G IP Phone,213
Xerox 188,212
"Seth Thomas 8 1/2"" Cubicle Clock",212
Standard Line “While You Were Out” Hardbound Telephone Message Book,211
"Smead Round Labels, Alphabetical",211
"Novimex Round Labels, Adjustable",211
"Sanford Prismacolor Professional Thick Lead Art Pencils, 36-Color Set",210
Xerox 1931,209
GBC Linen Binding Covers,209
Cardinal EasyOpen D-Ring Binders,209
SANFORD Major Accent Highlighters,208
Logitech LS21 Speaker System - PC Multimedia - 2.1-CH - Wired,208
Ibico Plastic and Wire Spiral Binding Combs,208
Acco Perma 2700 Stacking Storage Drawers,208
Global Enterprise Series Seating Low-Back Swivel/Tilt Chairs,207
Epson Perfection V600 Photo Scanner,207
JM Magazine Binder,206
Texas Instruments TI-34 Scientific Calculator,205
"Holmes Replacement Filter for HEPA Air Cleaner, Medium Room",205
Pyle PRT45 Retro Home Telephone,202
Kingston Digital DataTraveler 64GB USB 2.0,202
Xerox 1912,201
Fellowes Desktop Hanging File Manager,201
Southworth 25% Cotton Antique Laid Paper & Envelopes,200
PayAnywhere Card Reader,200
Bionaire 99.97% HEPA Air Cleaner,200
"Avery File Folder Labels, Laser Printer Compatible",200
Laser & Ink Jet Business Envelopes,199
"Angle-D Binders with Locking Rings, Label Holders",199
"Square Credit Card Reader, 4 1/2"" x 4 1/2"" x 1"", White",198
"Rediform S.O.S. 1-Up Phone Message Bk, 4-1/4x3-1/16 Bk, 1 Form/Pg, 40 Messages/Bk, 3/Pk",198
Panasonic KP-310 Heavy-Duty Electric Pencil Sharpener,198
"Inter-Office Recycled Envelopes, Brown Kraft, Button-String,10"" x 13"" , 100/Box",198
"Eureka Hand Vacuum, Bagless",198
Acme Tagit Stainless Steel Antibacterial Scissors,198
Newell 309,197
Eldon 500 Class Desk Accessories,197
Avery Recycled Flexi-View Covers for Binding Systems,197
"Alliance Super-Size Bands, Assorted Sizes",197
Xerox 225,196
"DAX Executive Solid Wood Document Frame, Desktop or Hang, Mahogany, 5 x 7",196
Memorex Mini Travel Drive 8 GB USB 2.0 Flash Drive,195
Acme Galleria Hot Forged Steel Scissors with Colored Handles,195
Contemporary Wood/Metal Frame,194
"Career Cubicle Clock, 8 1/4"", Black",194
Project Tote Personal File,193
Xerox 1895,192
"Wilson Jones Clip & Carry Folder Binder Tool for Ring Binders, Clear",192
Computer Printout Paper with Letter-Trim Fine Perforations,192
Sony 16GB Class 10 Micro SDHC R40 Memory Card,191
Avery Premier Heavy-Duty Binder with Round Locking Rings,191
"Harbour Creations Round Labels, Adjustable",190
Gear Head AU3700S Headset,190
Speck Products Candyshell Flip Case,189
Xerox 209,187
White GlueTop Scratch Pads,186
Ibico Covers for Plastic or Wire Binding Elements,186
"Wirebound Message Book, 4 per Page",185
"Verbatim 25 GB 6x Blu-ray Single Layer Recordable Disc, 3/Pack",185
GBC Wire Binding Combs,184
"Eldon Expressions Wood Desk Accessories, Oak",184
Xerox 1955,182
"Speediset Carbonless Redi-Letter 7"" x 8 1/2""",182
Deluxe Chalkboard Eraser Cleaner,182
"Tenex Traditional Chairmats for Hard Floors, Average Lip, 36"" x 48""",181
"Fellowes Twister Kit, Gray/Clear, 3/pkg",181
"Fellowes Smart Surge Ten-Outlet Protector, Platinum",181
Super Decoflex Portable Personal File,180
"Perma STOR-ALL Hanging File Box, 13 1/8""W x 12 1/4""D x 10 1/2""H",180
Okidata B401 Printer,180
"Jiffy Clasp Envelope, Set of 50",180
"Eldon Image Series Desk Accessories, Ebony",180
"Cardinal Slant-D Ring Binder, Heavy Gauge Vinyl",180
"Elite 5"" Scissors",179
Xerox 1892,178
Personal File Boxes with Fold-Down Carry Handle,178
"DAX Value U-Channel Document Frames, Easel Back",177
Crate-A-Files,177
Avery 499,177
Avery 490,177
Xerox 1996,176
Tenex Chairmats For Use With Carpeted Floors,176
"Acco PRESSTEX Data Binder with Storage Hooks, Dark Blue, 14 7/8"" X 11""",176
"#10-4 1/8"" x 9 1/2"" Premium Diagonal Seam Envelopes",176
Wilson Jones International Size A4 Ring Binders,175
"Master Caster Door Stop, Brown",175
Logitech Keyboard K120,175
Heavy-Duty E-Z-D Binders,175
Griffin GC36547 PowerJolt SE Lightning Charger,175
"Executive Impressions 12"" Wall Clock",175
BIC Liqua Brite Liner,175
Square Credit Card Reader,174
Xerox 1978,173
GBC Plastic Binding Combs,173
"Adams Telephone Message Book W/Dividers/Space For Phone Numbers, 5 1/4""X8 1/2"", 200/Messages",173
Lumber Crayons,172
4009 Highlighters by Sanford,172
Logitech Illuminated Ultrathin Keyboard with Backlighting,171
Euro Pro Shark Stick Mini Vacuum,171
Boston 1730 StandUp Electric Pencil Sharpener,171
Xerox 202,170
Nu-Dell Float Frame 11 x 14 1/2,170
Great White Multi-Use Recycled Paper (20Lb. and 84 Bright),170
"DAX Copper Panel Document Frame, 5 x 7 Size",170
Avery Heavy-Duty EZD View Binder with Locking Rings,170
Xerox 1973,169
"DAX Charcoal/Nickel-Tone Document Frame, 5 x 7",169
Avery 486,169
Xerox 1894,168
"Westinghouse Floor Lamp with Metal Mesh Shade, Black",168
Hoover Commercial SteamVac,168
Electrix 20W Halogen Replacement Bulb for Zoom-In Desk Lamp,168
Southworth 25% Cotton Linen-Finish Paper & Envelopes,167
Acme Softgrip Scissors,167
"Ames Clasp Envelope, Recycled",167
Xerox 1968,166
GBC Instant Report Kit,166
Xerox 195,164
"It's Hot Message Books with Stickers, 2 3/4"" x 5""",163
"GE General Use Halogen Bulbs, 100 Watts, 1 Bulb per Pack",163
Security-Tint Envelopes,162
"Eldon Expressions Wood and Plastic Desk Accessories, Cherry Wood",161
"DAX Metal Frame, Desktop, Stepped-Edge",161
Acme Office Executive Series Stainless Steel Trimmers,161
RCA ViSYS 25423RE1 Corded phone,160
"Black Print Carbonless Snap-Off Rapid Letter, 8 1/2"" x 7""",160
GBC Personal VeloBind Strips,159
"Eldon 400 Class Desk Accessories, Black Carbon",159
DAX Wood Document Frame.,159
Avery 489,159
"Ultra Door Kickplate, 8""H x 34""W",158
Belkin 7 Outlet SurgeMaster Surge Protector with Phone Protection,158
Artistic Insta-Plaque,157
Xerox 1936,156
Imation 30456 USB Flash Drive 8GB,156
"Eldon Expressions Punched Metal & Wood Desk Accessories, Black & Cherry",156
Xerox 1918,155
"Master Caster Door Stop, Large Neon Orange",155
Avery 503,155
Weyerhaeuser First Choice Laser/Copy Paper (20Lb. and 88 Bright),154
Self-Adhesive Address Labels for Typewriters by Universal,154
"Eldon Stackable Tray, Side-Load, Legal, Smoke",154
"Permanent Self-Adhesive File Folder Labels for Typewriters, 1 1/8 x 3 1/2, White",153
Xerox 1997,152
Nu-Dell Oak Frame,152
"Master Big Foot Doorstop, Beige",152
"Message Book, Wirebound, Four 5 1/2"" X 4"" Forms/Pg., 200 Dupl. Sets/Book",152
Xerox 205,151
"Verbatim 25 GB 6x Blu-ray Single Layer Recordable Disc, 10/Pack",151
Southworth 100% Cotton The Best Paper,151
"Holmes Replacement Filter for HEPA Air Cleaner, Large Room",151
Xerox 217,150
Xerox 1948,150
Ultra Door Push Plate,150
"Eldon Expressions Wood and Plastic Desk Accessories, Oak",150
Sanford Liquid Accent Highlighters,149
KeyTronic KT400U2 - Keyboard - Black,149
Acco 6 Outlet Guardian Standard Surge Suppressor,149
Kensington 6 Outlet SmartSocket Surge Protector,148
"Holmes Cool Mist Humidifier for the Whole House with 8-Gallon Output per Day, Extended Life Filter",148
Anker Astro Mini 3000mAh Ultra-Compact Portable Charger,148
Xerox 1993,147
Tensor Brushed Steel Torchiere Floor Lamp,147
Xerox 1905,146
"Personal Folder Holder, Ebony",146
Newell 315,146
Maxell 4.7GB DVD-RW 3/Pack,146
"GBC Laser Imprintable Binding System Covers, Desert Sand",146
"DAX Cubicle Frames, 8-1/2 x 11",146
"#10- 4 1/8"" x 9 1/2"" Security-Tint Envelopes",146
"ACCOHIDE 3-Ring Binder, Blue, 1""",145
Xerox 220,144
Telescoping Adjustable Floor Lamp,144
Astroparche Fine Business Paper,144
Xerox 203,143
"Wilson Jones Hanging View Binder, White, 1""",143
Ibico Recycled Grain-Textured Covers,142
Flexible Leather- Look Classic Collection Ring Binder,142
Avery Self-Adhesive Photo Pockets for Polaroid Photos,142
Xerox 192,141
Xerox 212,140
Xerox 23,140
"Eberhard Faber 3 1/2"" Golf Pencils",140
"Advantus Push Pins, Aluminum Head",140
Acco 3-Hole Punch,140
Xerox 1903,139
"OIC Colored Binder Clips, Assorted Sizes",139
Xerox 4200 Series MultiUse Premium Copy Paper (20Lb. and 84 Bright),138
Xerox 2,138
Xerox 1930,138
Things To Do Today Pad,138
GBC Binding covers,138
"Eldon 200 Class Desk Accessories, Smoke",138
"C-Line Magnetic Cubicle Keepers, Clear Polypropylene",138
Avery 476,138
"Avery 3 1/2"" Diskette Storage Pages, 10/Pack",137
50 Colored Long Pencils,137
Xerox 1947,136
Stiletto Hand Letter Openers,136
"Smead Round Labels, Adjustable",136
Riverleaf Stik-Withit Designer Note Cubes,136
Memorex Froggy Flash Drive 4 GB,136
"GBC Clear Cover, 8-1/2 x 11, unpunched, 25 covers per pack",136
C-Line Cubicle Keepers Polyproplyene Holder With Velcro Backings,136
"Barricks Non-Folding Utility Table with Steel Legs, Laminate Tops",136
Avery Metallic Poly Binders,136
"Eldon 200 Class Desk Accessories, Burgundy",135
"Cardinal HOLDit! Binder Insert Strips,Extra Strips",135
"Adams Telephone Message Book W/Dividers/Space For Phone Numbers, 5 1/4""X8 1/2"", 300/Messages",135
Wilson Jones Impact Binders,134
Eldon 200 Class Desk Accessories,134
Xerox 1959,133
OtterBox Defender Series Case - iPhone 5c,133
Fellowes Presentation Covers for Comb Binding Machines,133
Xerox 222,132
Hewlett-Packard 300S Scientific Calculator,131
"Acco Pressboard Covers with Storage Hooks, 14 7/8"" x 11"", Light Blue",131
Xerox 1977,130
Universal Premium White Copier/Laser Paper (20Lb. and 87 Bright),129
Harmony HEPA Quiet Air Purifiers,129
PowerGen Dual USB Car Charger,128
Newell 325,128
OIC Binder Clips,128
Xerox 230,127
Newell 347,126
"Manila Recycled Extra-Heavyweight Clasp Envelopes, 6"" x 9""",126
KLD Oscar II Style Snap-on Ultra Thin Side Flip Synthetic Leather Cover Case for HTC One HTC M7,126
"Wirebound Service Call Books, 5 1/2"" x 4""",125
Xerox 21,125
Panasonic KP-350BK Electric Pencil Sharpener with Auto Stop,125
Dell Slim USB Multimedia Keyboard,125
Deflect-O Glasstique Clear Desk Accessories,125
DAX Cubicle Frames - 8x10,125
Xerox 1928,124
"DXL Angle-View Binders with Locking Rings, Black",124
Avery Hi-Liter Smear-Safe Highlighters,124
"6"" Cubicle Wall Clock, Black",124
Xerox 1907,123
VariCap6 Expandable Binder,123
"BIC Brite Liner Highlighters, Chisel Tip",123
"Ampad Phone Message Book, Recycled, 400 Message Capacity, 5 ¾” x 11”",123
Crayola Colored Pencils,122
Avery 519,122
"Acco Four Pocket Poly Ring Binder with Label Holder, Smoke, 1""",122
Xerox 1995,121
"Ink Jet Note and Greeting Cards, 8-1/2"" x 5-1/2"" Card Size",121
"Eldon Expressions Punched Metal & Wood Desk Accessories, Pewter & Cherry",121
Xerox 227,120
"Message Book, Phone, Wirebound Standard Line Memo, 2 3/4"" X 5""",120
Cyber Acoustics AC-202b Speech Recognition Stereo Headset,120
"Bush Saratoga Collection 5-Shelf Bookcase, Hanover Cherry, *Special Order",120
Xerox 232,119
"Wirebound Four 2-3/4 x 5 Forms per Page, 400 Sets per Book",119
Newell 314,119
DAX Clear Channel Poster Frame,119
Cardinal Slant-D Ring Binders,119
"BIC Brite Liner Grip Highlighters, Assorted, 5/Pack",119
Strathmore Photo Frame Cards,118
"Wirebound Message Books, Four 2 3/4 x 5 Forms per Page, 200 Sets per Book",117
"SlimView Poly Binder, 3/8""",117
"Electrix Incandescent Magnifying Lamp, Black",117
Avery Hole Reinforcements,117
"Avery Durable Plastic 1"" Binders",117
Avery File Folder Labels,117
"Wilson Jones 1"" Hanging DublLock Ring Binders",116
Avery Printable Repositionable Plastic Tabs,116
Wilson Jones Active Use Binders,115
Xerox 1949,115
Xerox 1971,114
Pressboard Hanging Data Binders for Unburst Sheets,114
Longer-Life Soft White Bulbs,114
DAX Solid Wood Frames,114
Akro-Mils 12-Gallon Tote,114
"Eldon Image Series Desk Accessories, Burgundy",112
SpineVue Locking Slant-D Ring Binders by Cardinal,111
Xerox 1962,110
Xerox 213,110
"Wirebound Message Books, Two 4 1/4"" x 5"" Forms per Page",110
Self-Adhesive Removable Labels,110
"Rediform Wirebound ""Phone Memo"" Message Book, 11 x 5-3/4",110
GBC Standard Plastic Binding Systems' Combs,110
"Eureka Recycled Copy Paper 8 1/2"" x 11"", Ream",110
"Dixon Prang Watercolor Pencils, 10-Color Set with Brush",110
Dana Swing-Arm Lamps,110
Avery 516,110
Avery Heavy-Duty EZD  Binder With Locking Rings,110
Xerox 204,109
Xerox 201,109
Recycled Premium Regency Composition Covers,109
#10 Self-Seal White Envelopes,109
"Wirebound Message Books, 2 7/8"" x 5"", 3 Forms per Page",108
SanDisk Cruzer 16 GB USB Flash Drive,108
Micro Innovations Wireless Classic Keyboard with Mouse,108
"Eldon Expressions Desk Accessory, Wood Pencil Holder, Oak",108
"Ampad Gold Fibre Wirebound Steno Books, 6"" x 9"", Gregg Ruled",108
3M Hangers With Command Adhesive,108
"Array Parchment Paper, Assorted Colors",107
Belkin 7-Outlet SurgeMaster Home Series,107
Xerox 1900,106
HP Office Recycled Paper (20Lb. and 87 Bright),106
Avery 518,106
Samsung Replacement EH64AVFWE Premium Headset,105
Rosewill 107 Normal Keys USB Wired Standard Keyboard,105
Avery Personal Creations Heavyweight Cards,105
Avery Hanging File Binders,105
Xerox 211,104
Memorex Micro Travel Drive 4 GB,104
"TOPS 4 x 6 Fluorescent Color Memo Sheets, 500 Sheets per Pack",103
"Pressboard Covers with Storage Hooks, 9 1/2"" x 11"", Light Blue",103
Acme Titanium Bonded Scissors,103
Xerox 1970,102
"Linden 12"" Wall Clock With Oak Frame",102
Hewlett-Packard Deskjet F4180 All-in-One Color Ink-jet - Printer / copier / scanner,102
Boston 16765 Mini Stand Up Battery Pencil Sharpener,102
Wilson Jones “Snap” Scratch Pad Binder Tool for Ring Binders,101
Wilson Jones 14 Line Acrylic Coated Pressboard Data Binders,101
Prang Drawing Pencil Set,101
Xerox 1999,100
Xerox Blank Computer Paper,100
Zebra Zazzle Fluorescent Highlighters,100
Fellowes Black Plastic Comb Bindings,100
Cardinal Holdit Data Disk Pockets,100
"Avery Framed View Binder, EZD Ring (Locking), Navy, 1 1/2""",100
"Telephone Message Books with Fax/Mobile Section, 5 1/2"" x 3 3/16""",99
Pressboard Data Binders by Wilson Jones,99
Portfile Personal File Boxes,99
"GE 4 Foot Flourescent Tube, 40 Watt",99
Xerox 1952,98
Fiskars Home & Office Scissors,98
Eldon Executive Woodline II Cherry Finish Desk Accessories,98
Xerox 1957,97
Xerox 228,97
Sabrent 4-Port USB 2.0 Hub,97
Newell 341,97
"Executive Impressions 14"" Contract Wall Clock with Quartz Movement",97
Avery 495,97
Xerox 210,96
Wilson Jones Standard D-Ring Binders,96
Xerox 219,96
"Dixon My First Ticonderoga Pencil, #2",96
Avery 51,96
Avery White Multi-Purpose Labels,96
Xerox 1923,95
Newell 35,95
Newell 31,95
Dax Clear Box Frame,95
"Adams Phone Message Book, Professional, 400 Message Capacity, 5 3/6” x 11”",95
Acme Elite Stainless Steel Scissors,95
Xerox 224,94
"Tensor ""Hersey Kiss"" Styled Floor Lamp",94
Storex DuraTech Recycled Plastic Frosted Binders,94
"Redi-Strip #10 Envelopes, 4 1/8 x 9 1/2",94
Eldon Expressions Mahogany Wood Desk Collection,94
DIXON Ticonderoga Erasable Checking Pencils,94
Avery 513,94
Acrylic Self-Standing Desk Frames,94
Xerox 196,93
Xerox 1987,93
"Snap-A-Way Black Print Carbonless Speed Message, No Reply Area, Duplicate",93
Akro Stacking Bins,93
Presstex Flexible Ring Binders,92
Hoover Commercial Soft Guard Upright Vacuum And Disposable Filtration Bags,92
Avery Binding System Hidden Tab Executive Style Index Sets,92
Avery 481,92
Acco Translucent Poly Ring Binders,92
Prang Colored Pencils,91
Penpower WorldCard Pro Card Scanner,91
OIC Bulk Pack Metal Binder Clips,91
Fluorescent Highlighters by Dixon,91
"Bush Westfield Collection Bookcases, Dark Cherry Finish, Fully Assembled",91
Avery 48,91
Avery Durable Slant Ring Binders With Label Holder,91
Xerox 1967,90
Xerox 1956,90
Xerox 1920,90
Avery 480,90
"Avery Durable Slant Ring Binders, No Labels",90
"Acco Pressboard Covers with Storage Hooks, 9 1/2"" x 11"", Executive Red",90
Acme Preferred Stainless Steel Scissors,90
"RSVP Cards & Envelopes, Blank White, 8-1/2"" X 11"", 24 Cards/25 Envelopes/Set",89
Avery 478,89
Acme Design Stainless Steel Bent Scissors,89
"TOPS Money Receipt Book, Consecutively Numbered in Red,",88
Cardinal Holdit Business Card Pockets,88
"Bravo II Megaboss 12-Amp Hard Body Upright, Replacement Belts, 2 Belts per Pack",88
"Binney & Smith Crayola Metallic Colored Pencils, 8-Color Set",88
Avery 508,88
Avery Durable Binders,88
Advantus Map Pennant Flags and Round Head Tacks,88
AmazonBasics 3-Button USB Wired Mouse,88
Prestige Round Ring Binders,87
Newell 333,87
Manco Dry-Lighter Erasable Highlighter,87
HP Office Paper (20Lb. and 87 Bright),87
"C-Line Peel & Stick Add-On Filing Pockets, 8-3/4 x 5-1/8, 10/Pack",87
Advantus Panel Wall Acrylic Frame,87
Xerox 229,86
Xerox 1992,86
Magna Visual Magnetic Picture Hangers,86
Boston 16701 Slimline Battery Pencil Sharpener,86
Xerox 1932,85
Xerox 1954,85
Xerox 1986,85
"Westinghouse Mesh Shade Clip-On Gooseneck Lamp, Black",85
BIC Brite Liner Highlighters,85
Avery 487,85
"Acco Recycled 2"" Capacity Laser Printer Hanging Data Binders",85
Xerox 200,84
Xerox 2000,84
"Verbatim 25 GB 6x Blu-ray Single Layer Recordable Disc, 1/Pack",84
Southworth Parchment Paper & Envelopes,84
"Hunt BOSTON Vista Battery-Operated Pencil Sharpener, Black",84
Belkin iPhone and iPad Lightning Cable,84
Avery 512,84
Avery 483,84
Xerox 1902,83
Newell Chalk Holder,83
"Master Giant Foot Doorstop, Safety Yellow",83
3M Organizer Strips,83
Things To Do Today Spiral Book,82
"Quartet Omega Colored Chalk, 12/Pack",82
"Premium Writing Pencils, Soft, #2 by Central Association for the Blind",82
Newell 351,82
OIC Stacking Trays,82
"Eureka Sanitaire  Multi-Pro Heavy-Duty Upright, Disposable Bags",82
Avery Durable Poly Binders,82
Acme Stainless Steel Office Snips,82
Zipper Ring Binder Pockets,81
Tuff Stuff Recycled Round Ring Binders,81
"Verbatim Slim CD and DVD Storage Cases, 50/Pack",81
Newell 320,81
"Adams Telephone Message Books, 5 1/4” x 11”",81
Xerox 221,80
QVS USB Car Charger 2-Port 2.1Amp for iPod/iPhone/iPad/iPad 2/iPad 3,80
Newell 317,80
G.E. Longer-Life Indoor Recessed Floodlight Bulbs,80
Avery 474,80
Xerox 231,79
Xerox 1946,79
Sterilite Show Offs Storage Containers,79
Eldon File Chest Portable File,79
Avery Poly Binder Pockets,79
Xerox 1966,78
Xerox 193,78
Fashion Color Clasp Envelopes,78
Bulldog Table or Wall-Mount Pencil Sharpener,78
Xerox 1994,77
Plymouth Boxed Rubber Bands by Plymouth,77
Xerox 1963,76
Xerox 198,76
"SmartStand Mobile Device Holder, Assorted Colors",76
Rogers Handheld Barrel Pencil Sharpener,76
Newell 331,76
Newell 328,76
"Memo Book, 100 Message Capacity, 5 3/8” x 11”",76
"Geographics Note Cards, Blank, White, 8 1/2"" x 11""",76
"Eldon 200 Class Desk Accessories, Black",76
Acme Value Line Scissors,76
Tops Wirebound Message Log Books,75
KeyTronic KT800P2 - Keyboard - Black,75
Fiskars Spring-Action Scissors,75
"Dixon Ticonderoga Erasable Colored Pencil Set, 12-Color",75
Xerox 22,74
"Sanford Colorific Colored Pencils, 12/Box",74
XtraLife ClearVue Slant-D Ring Binders by Cardinal,73
"Universal Recycled Hanging Pressboard Report Binders, Letter Size",73
Stacking Trays by OIC,73
Southworth Structures Collection,73
"Adams ""While You Were Out"" Message Pads",73
"Wirebound Message Books, 5-1/2 x 4 Forms, 2 or 4 Forms per Page",72
"Vtech AT&T CL2940 Corded Speakerphone, Black",72
Smead Alpha-Z Color-Coded Name Labels First Letter Starter Set,72
Ibico Presentation Index for Binding Systems,72
GBC Instant Index System for Binding Systems,72
#6 3/4 Gummed Flap White Envelopes,72
Xerox 1975,71
Xerox 1981,71
Woodgrain Magazine Files by Perma,70
"TOPS ""Important Message"" Pads, Canary, 4-1/4 x 5-1/2, 50 Sheets per Pad",70
Recycled Pressboard Report Cover with Reinforced Top Hinge,70
Xerox 1899,69
Stockwell Push Pins,69
Avoid Verbal Orders Carbonless Minifold Book,69
Xerox 1897,68
"Recycled Interoffice Envelopes with Re-Use-A-Seal Closure, 10 x 13",68
Newell 332,68
Newell 336,68
GBC Plasticlear Binding Covers,68
Avery 52,68
Avery Non-Stick Heavy Duty View Round Locking Ring Binders,68
Barrel Sharpener,68
Acco Hot Clips Clips to Go,68
"Acco PRESSTEX Data Binder with Storage Hooks, Light Blue, 9 1/2"" X 11""",68
Poly String Tie Envelopes,67
"Executive Impressions 8-1/2"" Career Panel/Partition Cubicle Clock",67
GBC ProClick Spines for 32-Hole Punch,67
Avery 506,67
Avery 501,67
Avery 49,67
"Acco Clips to Go Binder Clips, 24 Clips in Two Sizes",67
Xerox 1927,66
Wilson Jones data.warehouse D-Ring Binders with DublLock,66
Newell 343,66
Newell 348,66
Insertable Tab Post Binder Dividers,66
Cush Cases Heavy Duty Rugged Cover Case for Samsung Galaxy S5 - Purple,66
Avery Fluorescent Highlighter Four-Color Set,66
Stackable Trays,65
Pastel Pink Envelopes,65
Newell 321,65
Belkin Grip Candy Sheer Case / Cover for iPhone 5 and 5S,65
ACCOHIDE Binder by Acco,65
"Acco Pressboard Covers with Storage Hooks, 14 7/8"" x 11"", Executive Red",65
Ultra Commercial Grade Dual Valve Door Closer,64
Shocksock Galaxy S4 Armband,64
Advantus T-Pin Paper Clips,64
Peel & Seel Envelopes,63
"Post-it “Important Message” Note Pad, Neon Colors, 50 Sheets/Pad",63
Newell 350,63
G.E. Halogen Desk Lamp Bulbs,63
"Black Print Carbonless 8 1/2"" x 8 1/4"" Rapid Memo Book",63
Avery 515,63
"Acco PRESSTEX Data Binder with Storage Hooks, Dark Blue, 9 1/2"" X 11""",63
Wilson Jones Four-Pocket Poly Binders,62
Park Ridge Embossed Executive Business Envelopes,62
Newell 311,62
Newell 318,62
Hoover Portapower Portable Vacuum,62
Xerox 1924,61
Anker 24W Portable Micro USB Car Charger,61
Xerox 206,60
Spiral Phone Message Books with Labels by Adams,60
Newell 330,60
NETGEAR RangeMax WNR1000 Wireless Router,60
"Master Caster Door Stop, Large Brown",60
"Crayola Anti Dust Chalk, 12/Pack",60
"Boston 1827 Commercial Additional Cutter, Drive Gear & Gear Rack for 1606",60
Ideal Clamps,59
"Executive Impressions 16-1/2"" Circular Wall Clock",59
Convenience Packs of Business Envelopes,59
Avery 500,59
"Acco Pressboard Covers with Storage Hooks, 14 7/8"" x 11"", Dark Blue",59
Xerox 1974,58
Rubber Band Ball,58
Xerox 223,57
Xerox 199,57
"SKILCRAFT Telephone Shoulder Rest, 2"" x 6.5"" x 2.5"", Black",57
GBC Standard Plastic Binding Systems Combs,57
Avery 511,57
Avery 493,57
Xerox 1965,56
Xerox 1921,56
"Hoover Replacement Belts For Soft Guard & Commercial Ltweight Upright Vacs, 2/Pk",56
"Executive Impressions 13-1/2"" Indoor/Outdoor Wall Clock",56
Binder Posts,56
Avery 494,56
Xerox 208,55
"Mead 1st Gear 2"" Zipper Binder, Asst. Colors",55
"Important Message Pads, 50 4-1/4 x 5-1/2 Forms per Pad",55
Array Memo Cubes,55
Advantus Push Pins,55
Imation Swivel Flash Drive USB flash drive - 8 GB,54
Avery 492,54
Ampad #10 Peel & Seel Holiday Envelopes,54
GBC VeloBinder Strips,53
"Eldon Imàge Series Desk Accessories, Clear",53
EcoTones Memo Sheets,53
"Telephone Message Books with Fax/Mobile Section, 4 1/4"" x 6""",52
"Commercial WindTunnel Clean Air Upright Vacuum, Replacement Belts, Filtration Bags",52
Avery Durable Slant Ring Binders,52
Newell 3-Hole Punched Plastic Slotted Magazine Holders for Binders,51
"Message Book, Standard Line ""While You Were Out"", 5 1/2"" X 4"", 200 Sets/Book",51
Colored Envelopes,51
Colorific Watercolor Pencils,51
Avery 496,51
Avery 488,51
Anderson Hickey Conga Table Tops & Accessories,51
Xerox 1950,50
Wilson Jones Easy Flow II Sheet Lifters,50
Xerox 1896,50
"While You Were Out Pads, 50 per Pad, 4 x 5 1/4, Green Cycle",50
Wausau Papers Astrobrights Colored Envelopes,50
"Eldon Spacemaker Box, Quick-Snap Lid, Clear",50
"1/4 Fold Party Design Invitations & White Envelopes, 24 8-1/2"" X 11"" Cards, 25 Env./Pack",50
Xerox 218,49
"TOPS Voice Message Log Book, Flash Format",49
Revere Boxed Rubber Bands by Revere,49
Newell 32,49
Blackstonian Pencils,49
American Pencil,49
Smead Alpha-Z Color-Coded Second Alphabetical Labels and Starter Set,48
"Sanford Colorific Scented Colored Pencils, 12/Pack",48
Newell 33,48
Xerox 1953,47
"Stacking Tray, Side-Loading, Legal, Smoke",47
Newell 316,47
"Holmes Visible Mist Ultrasonic Humidifier with 2.3-Gallon Output per Day, Replacement Filter",47
Eldon Image Series Black Desk Accessories,47
Avery 520,47
Avery 514,47
Xerox 1998,46
Xerox 1972,46
"GE General Purpose, Extra Long Life, Showcase & Floodlight Incandescent Bulbs",46
Decoflex Hanging Personal Folder File,46
Advantus SlideClip Paper Clips,46
Xerox 215,45
"Sanford Colorific Eraseable Coloring Pencils, 12 Count",45
Newell 344,45
Document Clip Frames,45
"Black Avery Memo-Size 3-Ring Binder, 5 1/2"" x 8 1/2""",45
"Binney & Smith inkTank Desk Highlighter, Chisel Tip, Yellow, 12/Box",45
Avery 491,45
Acme Kleen Earth Office Shears,45
"Acme Design Line 8"" Stainless Steel Bent Scissors w/Champagne Handles, 3-1/8"" Cut",45
Permanent Self-Adhesive File Folder Labels for Typewriters by Universal,44
Nontoxic Chalk,44
Kingston Digital DataTraveler 8GB USB 2.0,44
DIXON Oriole Pencils,44
Disposable Triple-Filter Dust Bags,44
Boston 16750 Black Compact Battery Pencil Sharpener,44
Avery 517,44
Acme Rosewood Handle Letter Opener,44
Newell 349,43
Acco Side-Punched Conventional Columnar Pads,43
Accohide Poly Flexible Ring Binders,43
Wilson Jones Custom Binder Spines & Labels,42
Texas Instrument TI-15 Fraction Calculator,42
Imation USB 2.0 Swivel Flash Drive USB flash drive - 4 GB - Pink,42
"#10 Gummed Flap White Envelopes, 100/Box",42
Newell 327,41
Cardinal Poly Pocket Divider Pockets for Ring Binders,41
"Acco Banker's Clasps, 5 3/4""-Long",41
Acco Hanging Data Binders,41
Xerox 207,40
"Eldon Regeneration Recycled Desk Accessories, Black",40
"Adams Write n' Stick Phone Message Book, 11"" X 5 1/4"", 200 Messages",40
Acco Suede Grain Vinyl Round Ring Binder,40
Acco Expandable Hanging Binders,40
Southworth 25% Cotton Granite Paper & Envelopes,39
Prang Dustless Chalk Sticks,39
Peel & Stick Add-On Corner Pockets,39
Newell 310,39
Angle-D Ring Binders,39
"Ampad Poly Cover Wirebound Steno Book, 6"" x 9"" Assorted Colors, Gregg Ruled",39
Turquoise Lead Holder with Pocket Clip,38
Faber Castell Col-Erase Pencils,38
Dixon Ticonderoga Pencils,38
"Chromcraft Training Table, Adjustable Height",38
Cardinal Hold-It CD Pocket,38
Avery Round Ring Poly Binders,38
Acco 6 Outlet Guardian Basic Surge Suppressor,38
Xerox 1976,37
Xerox 1990,37
Newell 326,37
Letter or Legal Size Expandable Poly String Tie Envelopes,37
Durable Pressboard Binders,37
Eldon Pizzaz Desk Accessories,37
Eldon Jumbo ProFile Portable File Boxes Graphite/Black,37
Col-Erase Pencils with Erasers,37
"Wirebound Message Forms, Four 2 3/4 x 5 Forms per Page, Pink Paper",36
Wilson Jones DublLock D-Ring Binders,36
Regeneration Desk Collection,36
Newell 335,36
Eldon 100 Class Desk Accessories,36
Contemporary Borderless Frame,36
Binder Clips by OIC,36
Xerox 1926,35
Xerox 1980,35
Plastic Stacking Crates & Casters,35
Economy #2 Pencils,35
Avery 498,35
Acme Kleencut Forged Steel Scissors,35
Assorted Color Push Pins,34
Wilson Jones Hanging Recycled Pressboard Data Binders,33
"Super Bands, 12/Pack",33
"Pressboard Data Binder, Crimson, 12"" X 8 1/2""",33
Hammermill CopyPlus Copy Paper (20Lb. and 84 Bright),33
"Eldon Regeneration Recycled Desk Accessories, Smoke",33
Avery 509,33
Xerox 1958,32
"OIC #2 Pencils, Medium Soft",32
Newell 346,32
Avery Hidden Tab Dividers for Binding Systems,32
"Sanford Uni-Blazer View Highlighters, Chisel Tip, Yellow",31
Xerox 1983,30
Xerox 190,30
"Sanford EarthWrite Recycled Pencils, Medium Soft, #2",30
Plantronics Single Ear Headset,30
Pencil and Crayon Sharpener,30
Jiffy Padded Mailers with Self-Seal Closure,30
Hammermill Color Copier Paper (28Lb. and 96 Bright),30
"Eldon 300 Class Desk Accessories, Black",30
"Alliance Big Bands Rubber Bands, 12/Pack",30
UniKeep View Case Binders,29
Rediform Voice Mail Log Books,29
Round Ring Binders,29
Newell 322,29
Economy Binders,29
Newell 313,28
Avery Reinforcements for Hole-Punch Pages,28
Sony 8GB Class 10 Micro SDHC R40 Memory Card,27
Self-Adhesive Address Labels for Typewriters with Dispenser Box,27
SanDisk Cruzer 8 GB USB Flash Drive,27
"Master Caster Door Stop, Gray",27
Bagged Rubber Bands,27
"Ampad Evidence Wirebond Steno Books, 6"" x 9""",27
Xerox 1985,26
SanDisk Cruzer 4 GB USB Flash Drive,26
Newell 339,26
Newell 340,26
"Binney & Smith inkTank Erasable Pocket Highlighter, Chisel Tip, Yellow",26
"Avery Hi-Liter GlideStik Fluorescent Highlighter, Yellow Ink",26
Avery Binder Labels,26
Translucent Push Pins by OIC,25
Colored Push Pins,25
"Avery Triangle Shaped Sheet Lifters, Black, 2/Pack",25
"""While you Were Out"" Message Book, One Form per Page",25
Serrated Blade or Curved Handle Hand Letter Openers,24
Newell 338,24
Newell 329,24
BIC Brite Liner Grip Highlighters,24
Avery 507,24
Avery 497,24
"Dixon Ticonderoga Maple Cedar Pencil, #2",23
Self-Adhesive Ring Binder Labels,22
Sanford Pocket Accent Highlighters,22
Avery 510,22
Sterling Rubber Bands by Alliance,20
Rediform S.O.S. Phone Message Books,20
Newell 323,20
Nu-Dell EZ-Mount Plastic Wall Frames,20
Maxell 4.7GB DVD-R 5/Pack,20
Avery Hi-Liter Fluorescent Desk Style Markers,20
"Avery 05222 Permanent Self-Adhesive File Folder Labels for Typewriters, on Rolls, White, 250/Roll",20
Acco Glide Clips,20
Newell 307,19
"Stride Job 150 Highlighters, Chisel Tip, Assorted Colors",18
Unpadded Memo Slips,18
Loose Memo Sheets,18
Insertable Tab Indexes For Data Binders,18
Hoover Commercial Lightweight Upright Vacuum,18
"Binney & Smith inkTank Erasable Desk Highlighter, Chisel Tip, Yellow, 12/Box",18
Avery 502,18
12 Colored Short Pencils,18
Xerox 1901,17
Wilson Jones Suede Grain Vinyl Binders,17
Avery 479,17
"Universal Ultra Bright White Copier/Laser Paper, 8 1/2"" x 11"", Ream",16
"Quartet Alpha White Chalk, 12/Pack",16
Maxell CD-R Discs,16
"Binney & Smith Crayola Metallic Crayons, 16-Color Pack",16
Wirebound Voice Message Log Book,15
SANFORD Liquid Accent Tank-Style Highlighters,15
"OIC Binder Clips, Mini, 1/4"" Capacity, Black",15
Color-Coded Legal Exhibit Labels,15
Boston 1900 Electric Pencil Sharpener,15
Sannysis Cute Owl Design Soft Skin Case Cover for Samsung Galaxy S4,14
Memorex Mini Travel Drive 4 GB USB 2.0 Flash Drive,14
Design Ebony Sketching Pencil,14
Acme Serrated Blade Letter Opener,14
Xerox 1984,13
"Sanitaire Vibra Groomer IR Commercial Upright Vacuum, Replacement Belts",13
OIC Thumb-Tacks,13
"Brites Rubber Bands, 1 1/2 oz. Box",13
Alliance Rubber Bands,13
Xerox 1969,12
Xerox 1922,12
Avery 482,12
Maxell 4.7GB DVD+R 5/Pack,11
Computer Printout Index Tabs,11
Acco Economy Flexible Poly Round Ring Binder,11
Storex Flexible Poly Binders with Double Pockets,10
PNY Rapid USB Car Charger - Black,10
Newell 337,10
Newell 342,10
Letter Slitter,10
Hoover Replacement Belt for Commercial Guardsman Heavy-Duty Upright Vacuum,10
Kleencut Forged Office Shears by Acme United Corporation,9
Avery 484,9
Xerox 1989,8
Stockwell Gold Paper Clips,8
Newell 308,8
"Avery Hi-Liter Comfort Grip Fluorescent Highlighter, Yellow Ink",8
Avery Hi-Liter Pen Style Six-Color Fluorescent Set,8
4009 Highlighters,8
Grip Seal Envelopes,7
Xerox 20,6
Avery 5,6
Eureka Disposable Bags for Sanitaire Vibra Groomer I Upright Vac,2
Grand Total,25270444
